"020321384","(OCoLC)00098372","[{'490': {'ind2': ' ', 'subfields': [{'a': 'The Wayland documentary history series'}, {'5': 'FTaSU'}], 'ind1': '0'}}, {'490': {'ind2': ' ', 'subfields': [{'a': 'Putnam documentary history series'}, {'5': 'FJUNF'}, {'5': 'FTaFA'}], 'ind1': '1'}}]","[{'830': {'ind2': '0', 'subfields': [{'a': 'Putnam documentary history series'}], 'ind1': ' '}}]","[{'490': {'ind2': ' ', 'subfields': [{'a': 'Putnam documentary history series'}], 'ind1': '0'}}]"
"020290960","(OCoLC)499220936","[{'490': {'ind2': ' ', 'subfields': [{'a': 'A Da Capo Press reprint series.'}, {'5': 'FBoU'}], 'ind1': '0'}}, {'490': {'ind2': ' ', 'subfields': [{'a': 'The American scene'}, {'5': 'FOFT'}, {'5': 'FBoU'}], 'ind1': '1'}}]","[{'830': {'ind2': '0', 'subfields': [{'a': 'American scene, comments and commentators.'}], 'ind1': ' '}}]","[{'490': {'ind2': ' ', 'subfields': [{'a': 'The American scene'}], 'ind1': '0'}}, {'490': {'ind2': ' ', 'subfields': [{'a': 'A Da Capo Press reprint series'}], 'ind1': '0'}}]"
"020111493","(OCoLC)00033283","[{'490': {'ind2': ' ', 'subfields': [{'a': 'Burt Franklin research and source works series, 89) (American classics in history and social sciences, 8'}, {'5': 'FMFIU'}], 'ind1': '0'}}, {'490': {'ind2': ' ', 'subfields': [{'a': 'American classics in history and social sciences, 8.'}, {'5': 'FTaFA'}], 'ind1': '0'}}, {'490': {'ind2': ' ', 'subfields': [{'a': 'Burt Franklin research and source works series, 89'}, {'5': 'FTaFA'}], 'ind1': '0'}}, {'490': {'ind2': ' ', 'subfields': [{'a': 'Burt Franklin research and source works series,'}, {'v': 'no. 89. American classics in history and social science, 8'}, {'5': 'FJUNF'}], 'ind1': '1'}}]","[{'830': {'ind2': '0', 'subfields': [{'a': 'Burt Franklin research & source works series,'}, {'v': 'no. 89.'}], 'ind1': ' '}}, {'830': {'ind2': '0', 'subfields': [{'a': 'American classics in history and social science,'}, {'v': '8.'}], 'ind1': ' '}}]","[{'490': {'ind2': ' ', 'subfields': [{'a': 'Burt Franklin research and source works series, 89'}], 'ind1': '0'}}, {'490': {'ind2': ' ', 'subfields': [{'a': 'American classics in history and social sciences, 8'}], 'ind1': '0'}}]"
"020273486","(OCoLC)297222797","[{'490': {'ind2': ' ', 'subfields': [{'a': 'Zeitschrift für Geomorphologie, Neue Folge ;'}, {'v': 'vol. 52, supplement issue 3'}, {'5': 'FPeU'}], 'ind1': '1'}}, {'490': {'ind2': ' ', 'subfields': [{'a': 'Zeitschrift für Geomorphologie, Neue Folge,'}, {'x': '0372-8854 ;'}, {'v': 'vol. 52, supplement issue 3'}, {'5': 'FTS'}], 'ind1': '1'}}]","[{'830': {'ind2': '0', 'subfields': [{'a': 'Zeitschrift für Geomorphologie.'}, {'p': 'Supplementband ;'}, {'v': 'N.F. 52,3.'}], 'ind1': ' '}}]","[{'490': {'ind2': ' ', 'subfields': [{'a': 'Zeitschrift für Geomorphologie,'}, {'x': '0372-8854. Supplementary issue ;'}, {'v': 'n. F., 52, 3'}], 'ind1': '0'}}]"
"020148952","(OCoLC)00049825","[{'490': {'ind2': ' ', 'subfields': [{'a': 'Short story index reprint series'}], 'ind1': '1'}}, {'490': {'ind2': ' ', 'subfields': [{'a': 'Short story index reprint series'}, {'5': 'FMFIU'}, {'5': 'FTaFA'}], 'ind1': '0'}}]","[{'830': {'ind2': '0', 'subfields': [{'a': 'Short story index reprint series.'}], 'ind1': ' '}}]","[{'490': {'ind2': ' ', 'subfields': [{'a': 'Short story index reprint series'}], 'ind1': '0'}}]"
"020001882","(OCoLC)00000750","[{'490': {'ind2': ' ', 'subfields': [{'a': 'Smithsonian publication 4538'}, {'5': 'FJUNF'}, {'5': 'FPeU'}, {'5': 'FTaFA'}, {'5': 'FBoU'}], 'ind1': '0'}}, {'490': {'ind2': ' ', 'subfields': [{'a': 'Smithsonian publication,'}, {'v': '4538'}, {'5': 'FMFIU'}, {'5': 'FTaSU'}], 'ind1': '1'}}]","[{'830': {'ind2': '0', 'subfields': [{'a': 'Publication (Smithsonian Institution)'}, {'v': '4538.'}], 'ind1': ' '}}]","[{'490': {'ind2': ' ', 'subfields': [{'a': 'Smithsonian publication 4538'}], 'ind1': '0'}}]"
"020222038","(OCoLC)00049959","[{'490': {'ind2': ' ', 'subfields': [{'a': 'Kennikat Press scholarly reprints.'}, {'5': 'FTS'}], 'ind1': '1'}}, {'490': {'ind2': ' ', 'subfields': [{'a': 'Series in Irish history and culture'}, {'5': 'FTS'}, {'5': 'FTaSU'}, {'5': 'FU'}], 'ind1': '1'}}]","[{'830': {'ind2': '0', 'subfields': [{'a': 'Kennikat Press scholarly reprints.'}, {'p': 'Series in Irish history and culture.'}], 'ind1': ' '}}]","[{'490': {'ind2': ' ', 'subfields': [{'a': 'Series in Irish history and culture'}], 'ind1': '0'}}]"
"020154382","(OCoLC)00052021","[{'490': {'ind2': ' ', 'subfields': [{'a': 'Essays in literature and criticism, 22'}, {'5': 'FOFT'}, {'5': 'FPeU'}], 'ind1': '0'}}, {'490': {'ind2': ' ', 'subfields': [{'a': 'Burt Franklin research & source works series, 329'}, {'5': 'FOFT'}, {'5': 'FPeU'}], 'ind1': '1'}}]","[{'830': {'ind2': '0', 'subfields': [{'a': 'Burt Franklin research & source works series ;'}, {'v': 'no. 329.'}], 'ind1': ' '}}]","[{'490': {'ind2': ' ', 'subfields': [{'a': 'Essays in literature and criticism, 22'}], 'ind1': '0'}}, {'490': {'ind2': ' ', 'subfields': [{'a': 'Burt Franklin research & source works series, 329'}], 'ind1': '0'}}]"
"020223195","(OCoLC)00050197","[{'490': {'ind2': ' ', 'subfields': [{'a': 'Irish history and culture'}, {'5': 'FTS'}], 'ind1': '1'}}, {'490': {'ind2': ' ', 'subfields': [{'a': 'Kennikat Press scholarly reprints.'}, {'5': 'FTS'}], 'ind1': '1'}}]","[{'830': {'ind2': '0', 'subfields': [{'a': 'Kennikat Press scholarly reprints.'}, {'p': 'Series in Irish history and culture.'}], 'ind1': ' '}}]","[{'490': {'ind2': ' ', 'subfields': [{'a': 'Irish history and culture'}], 'ind1': '0'}}, {'490': {'ind2': ' ', 'subfields': [{'a': 'Kennikat Press scholarly reprints.'}], 'ind1': '0'}}]"
"020024561","(OCoLC)639954918","[{'490': {'ind2': ' ', 'subfields': [{'a': 'Patterson Smith reprint series in criminology, law enforcement, and social problems, no. 28'}, {'5': 'FBoU'}], 'ind1': '0'}}, {'490': {'ind2': ' ', 'subfields': [{'a': 'Patterson Smith reprint series in criminology, law enforcement, and social problems ;'}, {'v': 'no. 28'}, {'5': 'FOFT'}], 'ind1': '1'}}]","[{'830': {'ind2': '0', 'subfields': [{'a': 'Patterson Smith reprint series in criminology, law enforcement,and social problems ;'}, {'v': 'publication no. 28.'}], 'ind1': ' '}}]","[{'490': {'ind2': ' ', 'subfields': [{'a': 'Patterson Smith reprint series in criminology, law enforcement, and social problems, no. 28'}], 'ind1': '0'}}]"
"020260453","(OCoLC)310379817","[{'490': {'ind2': ' ', 'subfields': [{'a': 'Thieme ElectronicBook Library'}, {'5': 'FU'}, {'5': 'FBoU'}, {'5': 'FMFIU'}], 'ind1': '0'}}, {'490': {'ind2': ' ', 'subfields': [{'a': 'Thieme flexibook'}, {'5': 'FBoU'}], 'ind1': '1'}}]","[{'830': {'ind2': '0', 'subfields': [{'a': 'Thieme flexibook.'}], 'ind1': ' '}}]","[{'490': {'ind2': ' ', 'subfields': [{'a': 'Thieme ElectronicBook Library'}], 'ind1': '0'}}]"
"020117916","(OCoLC)00034304","[{'490': {'ind2': ' ', 'subfields': [{'a': 'Van Nostrand mathematical studies, #18-19'}, {'5': 'FSsNC'}, {'5': 'FU'}], 'ind1': '0'}}, {'490': {'ind2': ' ', 'subfields': [{'a': 'Van Nostrand mathematical studies, #18'}, {'5': 'FOFT'}, {'5': 'FBoU'}], 'ind1': '1'}}]","[{'830': {'ind2': '0', 'subfields': [{'a': 'Van Nostrand mathematical studies ;'}, {'v': 'no. 18.'}], 'ind1': ' '}}]","[{'490': {'ind2': ' ', 'subfields': [{'a': 'Van Nostrand mathematical studies, #18-19'}], 'ind1': '0'}}]"
"020006898","(OCoLC)00001565","[{'490': {'ind2': ' ', 'subfields': [{'a': 'Essay and general literature index reprint series.'}, {'5': 'FPeU'}, {'5': 'FBoU'}], 'ind1': '0'}}, {'490': {'ind2': ' ', 'subfields': [{'a': 'Morris Arboretum monographs, 2'}, {'5': 'FOFT'}, {'5': 'FBoU'}], 'ind1': '1'}}]","[{'830': {'ind2': '0', 'subfields': [{'a': 'Morris Arboretum monographs ;'}, {'v': '2.'}], 'ind1': ' '}}]","[{'490': {'ind2': ' ', 'subfields': [{'a': 'Morris Arboretum monographs,'}, {'v': '2'}], 'ind1': '1'}}, {'490': {'ind2': ' ', 'subfields': [{'a': 'Essay and general literature index reprint series'}], 'ind1': '0'}}]"
"020241793","(OCoLC)00083489","[{'490': {'ind2': ' ', 'subfields': [{'a': 'American lecture series, publication no. 759. A monograph in the Bannerstone division of lectures in living chemistry'}, {'5': 'FJUNF'}, {'5': 'FBoU'}], 'ind1': '0'}}, {'490': {'ind2': ' ', 'subfields': [{'a': 'American lecture series, publication no. 759'}, {'5': 'FTaSU'}], 'ind1': '1'}}]","[{'830': {'ind2': '0', 'subfields': [{'a': 'American lecture series ;'}, {'v': 'no. 759.'}], 'ind1': ' '}}]","[{'490': {'ind2': ' ', 'subfields': [{'a': 'American lecture series, publication no. 759. A monograph in the Bannerstone division of lectures in living chemistry'}], 'ind1': '0'}}]"
"020030200","(OCoLC)00099956","[{'490': {'ind2': ' ', 'subfields': [{'a': 'Mathematics and its applications,'}, {'v': 'v. 10'}, {'5': 'FTS'}], 'ind1': '0'}}, {'490': {'ind2': ' ', 'subfields': [{'a': 'Mathematics and its applications, v. 10'}, {'5': 'FOFT'}, {'5': 'FMFIU'}, {'5': 'FJUNF'}, {'5': 'FBoU'}, {'5': 'FTaSU'}], 'ind1': '1'}}]","[{'830': {'ind2': '0', 'subfields': [{'a': 'Mathematics and its applications (Gordon and Breach Science Publishers) ;'}, {'v': 'v. 10.'}], 'ind1': ' '}}]","[{'490': {'ind2': ' ', 'subfields': [{'a': 'Mathematics and its applications,'}, {'v': 'v. 10'}], 'ind1': '0'}}]"
"020308573","(OCoLC)01067029","[{'490': {'ind2': ' ', 'subfields': [{'a': 'UC-IMR Reference no. 74-3'}, {'5': 'FU'}], 'ind1': '1'}}, {'490': {'ind2': ' ', 'subfields': [{'a': 'Sea Grant publication ;'}, {'v': 'no. 2'}, {'5': 'FU'}], 'ind1': '1'}}]","[{'830': {'ind2': '0', 'subfields': [{'a': 'IMR reference ;'}, {'v': 'no. 74-3.'}], 'ind1': ' '}}, {'830': {'ind2': '0', 'subfields': [{'a': 'Sea grant publication (La Jolla (San Diego, Calif.)) ;'}, {'v': 'no. 2.'}], 'ind1': ' '}}]","[{'490': {'ind2': ' ', 'subfields': [{'a': 'UC-IMR Reference'}, {'v': 'no. 74-3'}], 'ind1': '0'}}]"
"020228193","(OCoLC)00051239","[{'490': {'ind2': ' ', 'subfields': [{'a': 'Kennikat series in Irish history and culture'}, {'5': 'FTS'}], 'ind1': '1'}}, {'490': {'ind2': ' ', 'subfields': [{'a': 'Kennikat Press scholarly reprints'}, {'5': 'FTS'}], 'ind1': '1'}}]","[{'830': {'ind2': '0', 'subfields': [{'a': 'Kennikat Press scholarly reprints.'}, {'p': 'Series in Irish history and culture.'}], 'ind1': ' '}}]","[{'490': {'ind2': ' ', 'subfields': [{'a': 'Kennikat series in Irish history and culture'}], 'ind1': '0'}}, {'490': {'ind2': ' ', 'subfields': [{'a': 'Kennikat Press scholarly reprints.'}], 'ind1': '0'}}]"
"020020238","(OCoLC)00002742","[{'490': {'ind2': ' ', 'subfields': [{'a': 'Burt Franklin research & source works series, 312.'}, {'5': 'FTaSU'}, {'5': 'FPeU'}, {'5': 'FTaFA'}], 'ind1': '0'}}, {'490': {'ind2': ' ', 'subfields': [{'a': 'American classics in history & social science, 60'}, {'5': 'FTaSU'}, {'5': 'FPeU'}, {'5': 'FTS'}, {'5': 'FTaFA'}, {'5': 'FU'}], 'ind1': '1'}}, {'490': {'ind2': ' ', 'subfields': [{'a': 'Burt Franklin research & source works series,'}, {'v': '312'}, {'5': 'FTS'}], 'ind1': '1'}}]","[{'830': {'ind2': '0', 'subfields': [{'a': 'American classics in history and social science ;'}, {'v': '#60.'}], 'ind1': ' '}}]","[{'490': {'ind2': ' ', 'subfields': [{'a': 'American classics in history & social science, 60'}], 'ind1': '0'}}, {'490': {'ind2': ' ', 'subfields': [{'a': 'Burt Franklin research & source works series, 312'}], 'ind1': '0'}}]"
"020247876","(OCoLC)00056267","[{'490': {'ind2': ' ', 'subfields': [{'a': 'Kennikat series in Irish history and culture'}, {'5': 'FTS'}, {'5': 'FTaSU'}, {'5': 'FU'}], 'ind1': '1'}}, {'490': {'ind2': ' ', 'subfields': [{'a': 'Kennikat Press scholarly reprints.'}, {'5': 'FTS'}, {'5': 'FTaSU'}, {'5': 'FU'}], 'ind1': '1'}}]","[{'830': {'ind2': '0', 'subfields': [{'a': 'Kennikat Press scholarly reprints.'}, {'p': 'Series in Irish history and culture.'}], 'ind1': ' '}}]","[{'490': {'ind2': ' ', 'subfields': [{'a': 'Kennikat series in Irish history and culture'}], 'ind1': '0'}}, {'490': {'ind2': ' ', 'subfields': [{'a': 'Kennikat Press scholarly reprints.'}], 'ind1': '0'}}]"
"020106703","(OCoLC)213731693","[{'490': {'ind2': ' ', 'subfields': [{'a': 'Burt Franklin research and source works series, 165'}, {'5': 'FOFT'}], 'ind1': '1'}}, {'490': {'ind2': ' ', 'subfields': [{'a': 'Essays in history, economics, & social science, 14'}, {'5': 'FOFT'}], 'ind1': '1'}}]","[{'830': {'ind2': '0', 'subfields': [{'a': 'Burt Franklin research & source works series ;'}, {'v': 'no. 165.'}], 'ind1': ' '}}, {'830': {'ind2': '0', 'subfields': [{'a': 'Burt Franklin research & source works series.'}, {'p': 'Selected essays in history, economics & social science ;'}, {'v': '14.'}], 'ind1': ' '}}]","[{'490': {'ind2': ' ', 'subfields': [{'a': 'Burt Franklin research and source works series,'}, {'v': '165'}], 'ind1': '0'}}, {'490': {'ind2': ' ', 'subfields': [{'a': 'Essays in history, economics, & social science,'}, {'v': '14'}], 'ind1': '0'}}]"
"020055044","(OCoLC)00985603","[{'490': {'ind2': ' ', 'subfields': [{'a': 'Pennsylvania paperback ;'}, {'v': '1008'}, {'5': 'FTaFA'}, {'5': 'FBoU'}], 'ind1': '0'}}, {'490': {'ind2': ' ', 'subfields': [{'a': 'Pennsylvania paperback, 1008'}, {'5': 'FTS'}, {'5': 'FOFT'}], 'ind1': '1'}}]","[{'830': {'ind2': '0', 'subfields': [{'a': 'Pennsylvania paperbacks,'}, {'v': '1008.'}], 'ind1': ' '}}]","[{'490': {'ind2': ' ', 'subfields': [{'a': 'Pennsylvania paperback ;'}, {'v': '1008'}], 'ind1': '0'}}]"
"020153683","(OCoLC)00051764","[{'490': {'ind2': ' ', 'subfields': [{'a': 'Mathematics and its applications,'}, {'v': 'v. 8'}, {'5': 'FTaSU'}, {'5': 'FSsNC'}], 'ind1': '1'}}, {'490': {'ind2': ' ', 'subfields': [{'a': 'Mathematics and its applications, v. 8'}, {'5': 'FOFT'}, {'5': 'FTaFA'}, {'5': 'FBoU'}, {'5': 'FPeU'}, {'5': 'FTS'}, {'5': 'FU'}], 'ind1': '1'}}]","[{'830': {'ind2': '0', 'subfields': [{'a': 'Mathematics and its applications (Gordon and Breach Science Publishers) ;'}, {'v': 'v. 8.'}], 'ind1': ' '}}]","[{'490': {'ind2': ' ', 'subfields': [{'a': 'Mathematics and its applications, v. 8'}], 'ind1': '0'}}]"
"020013781","(OCoLC)00002674","[{'490': {'ind2': ' ', 'subfields': [{'a': 'Burt Franklin research & source works series ;'}, {'v': '276'}, {'5': 'FBoU'}], 'ind1': '0'}}, {'490': {'ind2': ' ', 'subfields': [{'a': 'Essays in literature & criticism 12'}, {'5': 'FOFT'}, {'5': 'FTS'}], 'ind1': '0'}}, {'490': {'ind2': ' ', 'subfields': [{'a': 'Essays in literature & criticism ;'}, {'v': '12'}, {'5': 'FBoU'}], 'ind1': '0'}}, {'490': {'ind2': ' ', 'subfields': [{'a': 'Burt Franklin research & source works series 276'}, {'5': 'FOFT'}], 'ind1': '1'}}]","[{'830': {'ind2': '0', 'subfields': [{'a': 'Burt Franklin research & source works series ;'}, {'v': 'no. 276.'}], 'ind1': ' '}}]","[{'490': {'ind2': ' ', 'subfields': [{'a': 'Burt Franklin research & source works series 276'}], 'ind1': '0'}}, {'490': {'ind2': ' ', 'subfields': [{'a': 'Essays in literature & criticism 12'}], 'ind1': '0'}}]"
"020087427","(OCoLC)18402171","[{'490': {'ind2': ' ', 'subfields': [{'a': 'Colección Historia y pensamiento, 3'}, {'5': 'FBoU'}, {'5': 'FTaSU'}], 'ind1': '0'}}, {'490': {'ind2': ' ', 'subfields': [{'a': 'Colección Historia y pensamiento,'}, {'v': '3'}, {'5': 'FMFIU'}, {'5': 'FFmFGC'}], 'ind1': '1'}}]","[{'830': {'ind2': '0', 'subfields': [{'a': 'Colección Historia y pensamiento'}, {'v': '3.'}], 'ind1': ' '}}]","[{'490': {'ind2': ' ', 'subfields': [{'a': 'Colección Historia y pensamiento ;'}, {'v': '3'}], 'ind1': '0'}}]"
"020238140","(OCoLC)00428945","[{'490': {'ind2': ' ', 'subfields': [{'a': 'Publications of the Naval history society. vol. VI'}, {'5': 'FU'}], 'ind1': '1'}}, {'490': {'ind2': ' ', 'subfields': [{'a': 'Publications of the Naval history society ;'}, {'v': 'vol. VI'}, {'5': 'FTaSU'}], 'ind1': '1'}}]","[{'830': {'ind2': '0', 'subfields': [{'a': 'Publications of the Naval history society ;'}, {'v': 'vol. VI.'}], 'ind1': ' '}}]","[{'490': {'ind2': ' ', 'subfields': [{'a': 'Publications of the Naval history society. vol. VI'}], 'ind1': '0'}}]"
"020020017","(OCoLC)02395033","[{'490': {'ind2': ' ', 'subfields': [{'a': ""Société de l'histoire de France. Publications in octavo.""}, {'v': 'Série postérieure à 1789. 69'}, {'5': 'FU'}], 'ind1': '0'}}, {'490': {'ind2': ' ', 'subfields': [{'a': ""Société de l'histoire de France. Publications in octavo. Série postérieure à 1789. 69""}, {'5': 'FTaSU'}], 'ind1': '1'}}]","[{'830': {'ind2': '0', 'subfields': [{'a': ""Société de l'histoire de France (Series) ;""}, {'v': '69'}], 'ind1': ' '}}]","[{'490': {'ind2': ' ', 'subfields': [{'a': ""Société de l'histoire de France. Publications in octavo. Série postérieure à 1789. 69""}], 'ind1': '0'}}]"
"020240926","(OCoLC)00541208","[{'490': {'ind2': ' ', 'subfields': [{'a': 'Wiener Library Catalogue Series ;'}, {'v': 'no. 1'}, {'5': 'FTS'}], 'ind1': '0'}}, {'490': {'ind2': ' ', 'subfields': [{'a': 'Wiener Library. Catalogue series, no. 1'}, {'5': 'FU'}], 'ind1': '1'}}]","[{'830': {'ind2': '0', 'subfields': [{'a': 'Catalogue series (Wiener Library) ;'}, {'v': 'no. 1'}], 'ind1': ' '}}]","[{'490': {'ind2': ' ', 'subfields': [{'a': 'Wiener Library Catalogue Series ;'}, {'v': 'no. 1'}], 'ind1': '0'}}]"
"020131444","(OCoLC)128237352","[{'490': {'ind2': ' ', 'subfields': [{'a': 'Pocket mentor series'}, {'5': 'FBoU'}, {'5': 'FMFIU'}], 'ind1': '0'}}, {'490': {'ind2': ' ', 'subfields': [{'a': 'Pocket mentor'}, {'5': 'FU'}], 'ind1': '1'}}]","[{'830': {'ind2': '0', 'subfields': [{'a': 'Pocket mentor series'}], 'ind1': ' '}}]","[{'490': {'ind2': ' ', 'subfields': [{'a': 'Pocket mentor series'}], 'ind1': '0'}}]"
"020305150","(OCoLC)00068811","[{'490': {'ind2': ' ', 'subfields': [{'a': 'Burt Franklin bibliography and reference series, 303'}, {'5': 'FTS'}], 'ind1': '1'}}, {'490': {'ind2': ' ', 'subfields': [{'a': 'American classics of history and social science,'}, {'v': '90'}, {'5': 'FTS'}], 'ind1': '1'}}]","[{'830': {'ind2': '0', 'subfields': [{'a': 'Burt Franklin bibliography & reference series,'}, {'v': '303.'}], 'ind1': ' '}}, {'830': {'ind2': '0', 'subfields': [{'a': 'American classics in history and social science,'}, {'v': '90.'}], 'ind1': ' '}}]","[{'490': {'ind2': ' ', 'subfields': [{'a': 'Burt Franklin bibliography and reference series, 303. American classics in history and social science, 90'}], 'ind1': '0'}}]"
"020233535","(OCoLC)00052500","[{'490': {'ind2': ' ', 'subfields': [{'a': 'Burt Franklin research and source works series'}, {'v': '#71'}, {'5': 'FTaSU'}], 'ind1': '0'}}, {'490': {'ind2': ' ', 'subfields': [{'a': 'Burt Franklin research and source works series #71'}, {'5': 'FTS'}, {'5': 'FU'}], 'ind1': '1'}}]","[{'830': {'ind2': '0', 'subfields': [{'a': 'Burt Franklin research & source works series,'}, {'v': '71.'}], 'ind1': ' '}}, {'830': {'ind2': '0', 'subfields': [{'a': 'Burt Franklin research & source works series ;'}, {'v': 'no. 71.'}], 'ind1': ' '}}]","[{'490': {'ind2': ' ', 'subfields': [{'a': 'Burt Franklin research and source works series #71'}], 'ind1': '0'}}]"
"020252188","(OCoLC)01363186","[{'490': {'ind2': ' ', 'subfields': [{'a': 'Myths and legends, [12]'}, {'5': 'FPeU'}], 'ind1': '0'}}, {'490': {'ind2': ' ', 'subfields': [{'a': 'Myths and legends'}, {'5': 'FTaSU'}], 'ind1': '1'}}]","[{'830': {'ind2': '0', 'subfields': [{'a': 'Myths and legends (Cleveland, Ohio)'}], 'ind1': ' '}}]","[{'490': {'ind2': ' ', 'subfields': [{'a': 'Myths and legends, [12]'}], 'ind1': '0'}}]"
"020234587","(OCoLC)00052779","[{'490': {'ind2': ' ', 'subfields': [{'a': 'Kennikat series in Irish history and culture'}, {'5': 'FTS'}], 'ind1': '1'}}, {'490': {'ind2': ' ', 'subfields': [{'a': 'Kennikat Press scholarly reprints.'}, {'5': 'FTS'}], 'ind1': '1'}}]","[{'830': {'ind2': '0', 'subfields': [{'a': 'Kennikat Press scholarly reprints.'}, {'p': 'Series in Irish history and culture.'}], 'ind1': ' '}}]","[{'490': {'ind2': ' ', 'subfields': [{'a': 'Kennikat series in Irish history and culture'}], 'ind1': '0'}}, {'490': {'ind2': ' ', 'subfields': [{'a': 'Kennikat Press scholarly reprints.'}], 'ind1': '0'}}]"
"020166209","(OCoLC)08949394","[{'490': {'ind2': ' ', 'subfields': [{'a': 'Colección Radar ;'}, {'v': '16'}, {'5': 'FMFIU'}], 'ind1': '1'}}, {'490': {'ind2': ' ', 'subfields': [{'a': 'Fantasʹia'}, {'5': 'FMFIU'}], 'ind1': '1'}}]","[{'830': {'ind2': '0', 'subfields': [{'a': 'Colección Radar (Havana, Cuba) ;'}, {'v': '16.'}], 'ind1': ' '}}, {'830': {'ind2': '0', 'subfields': [{'a': 'Fantasía (Havana, Cuba)'}], 'ind1': ' '}}]","[{'490': {'ind2': ' ', 'subfields': [{'a': 'Colección Radar ;'}, {'v': '16.'}, {'a': 'Fantasia'}], 'ind1': '0'}}]"
"020072719","(OCoLC)00020136","[{'490': {'ind2': ' ', 'subfields': [{'a': 'Routledge paperback'}, {'5': 'FJUNF'}], 'ind1': '0'}}, {'490': {'ind2': ' ', 'subfields': [{'a': 'International library of sociology and social reconstruction'}, {'5': 'FJUNF'}], 'ind1': '1'}}]","[{'830': {'ind2': '0', 'subfields': [{'a': 'International library of sociology and social reconstruction (Routledge & Kegan Paul)'}], 'ind1': ' '}}]","[{'490': {'ind2': ' ', 'subfields': [{'a': 'Routledge paperback'}], 'ind1': '0'}}]"
"020211747","(OCoLC)00069310","[{'490': {'ind2': ' ', 'subfields': [{'a': 'Contributions to library literature,'}, {'v': '#9'}, {'5': 'FMFIU'}, {'5': 'FU'}], 'ind1': '1'}}, {'490': {'ind2': ' ', 'subfields': [{'a': 'Contributions to library literature #9'}, {'5': 'FOFT'}, {'5': 'FBoU'}, {'5': 'FTS'}], 'ind1': '1'}}]","[{'830': {'ind2': '0', 'subfields': [{'a': 'Contributions to library literature (Hamden, Conn.) ;'}, {'v': '9.'}], 'ind1': ' '}}, {'830': {'ind2': '0', 'subfields': [{'a': 'Contributions to library literature (Hamden, Conn.)'}, {'v': 'no. 9.'}], 'ind1': ' '}}]","[{'490': {'ind2': ' ', 'subfields': [{'a': 'Contributions to library literature'}, {'v': '#9'}], 'ind1': '0'}}]"
"020159813","(OCoLC)00036605","[{'490': {'ind2': ' ', 'subfields': [{'a': 'Andar y ver: Guías de España.'}, {'5': 'FPeU'}], 'ind1': '0'}}, {'490': {'ind2': ' ', 'subfields': [{'a': 'Andar y ver: Guides to Spain'}, {'5': 'FU'}], 'ind1': '1'}}]","[{'830': {'ind2': '0', 'subfields': [{'a': 'Colección Andar y ver.'}, {'p': 'Guías de España.'}], 'ind1': ' '}}]","[{'490': {'ind2': ' ', 'subfields': [{'a': 'Andar y ver: Guides to Spain'}], 'ind1': '0'}}]"
"020103931","(OCoLC)00022518","[{'490': {'ind2': ' ', 'subfields': [{'a': 'Studies in English literature, vol. 52'}, {'5': 'FBoU'}, {'5': 'FPeU'}, {'5': 'FTaFA'}, {'5': 'FTS'}, {'5': 'FU'}], 'ind1': '0'}}, {'490': {'ind2': ' ', 'subfields': [{'a': 'Studies in English literature, v. 52'}, {'5': 'FTaSU'}], 'ind1': '1'}}]","[{'830': {'ind2': '0', 'subfields': [{'a': 'Studies in English literature (The Hague, Netherlands)'}, {'v': 'v. 52.'}], 'ind1': ' '}}, {'830': {'ind2': '0', 'subfields': [{'a': 'Studies in Engish literature (The Hague, 1964- )'}, {'v': 'v. 52.'}], 'ind1': ' '}}, {'830': {'ind2': '0', 'subfields': [{'a': 'Studies in English literature (Mouton),'}, {'v': 'vol. 52.'}], 'ind1': ' '}}]","[{'490': {'ind2': ' ', 'subfields': [{'a': 'Studies in English literature, vol. 52'}], 'ind1': '0'}}]"
"020104915","(OCoLC)786256024","[{'490': {'ind2': ' ', 'subfields': [{'a': 'Essays in literature and criticism, 31'}, {'5': 'FOFT'}], 'ind1': '0'}}, {'490': {'ind2': ' ', 'subfields': [{'a': 'Burt Franklin: Research and source works series, 379'}, {'5': 'FOFT'}], 'ind1': '1'}}]","[{'830': {'ind2': '0', 'subfields': [{'a': 'Burt Franklin research & source works series ;'}, {'v': 'no. 379.'}], 'ind1': ' '}}]","[{'490': {'ind2': ' ', 'subfields': [{'a': 'Essays in literature and criticism, 31'}], 'ind1': '0'}}, {'490': {'ind2': ' ', 'subfields': [{'a': 'Burt Franklin: Research and source works series, 379'}], 'ind1': '0'}}]"
"020237657","(OCoLC)00053555","[{'490': {'ind2': ' ', 'subfields': [{'a': 'Kennikat Press scholarly reprints'}, {'5': 'FTS'}], 'ind1': '1'}}, {'490': {'ind2': ' ', 'subfields': [{'a': 'Kennikat series in Irish history and culture.'}, {'5': 'FTS'}], 'ind1': '1'}}]","[{'830': {'ind2': '0', 'subfields': [{'a': 'Kennikat Press scholarly reprints.'}, {'p': 'Series in Irish history and culture.'}], 'ind1': ' '}}]","[{'490': {'ind2': ' ', 'subfields': [{'a': 'Kennikat Press scholarly reprints'}], 'ind1': '0'}}, {'490': {'ind2': ' ', 'subfields': [{'a': 'Kennikat series in Irish history and culture.'}], 'ind1': '0'}}]"
"020005306","(OCoLC)500650528","[{'490': {'ind2': ' ', 'subfields': [{'a': 'Da Capo Press reprint series'}, {'5': 'FBoU'}], 'ind1': '0'}}, {'490': {'ind2': ' ', 'subfields': [{'a': 'The American scene. Comments and commentators'}, {'5': 'FBoU'}], 'ind1': '0'}}, {'490': {'ind2': ' ', 'subfields': [{'a': 'The American scene'}, {'5': 'FOFT'}], 'ind1': '1'}}]","[{'830': {'ind2': '0', 'subfields': [{'a': 'American scene, comments and commentators.'}], 'ind1': ' '}}]","[{'490': {'ind2': ' ', 'subfields': [{'a': 'American Scene'}], 'ind1': '0'}}]"
"020100393","(OCoLC)02850434","[{'490': {'ind2': ' ', 'subfields': [{'a': 'Garnier-Flammarion. Texte intégral,'}, {'v': '234'}, {'5': 'FBoU'}, {'5': 'FSsNC'}], 'ind1': '0'}}, {'490': {'ind2': ' ', 'subfields': [{'a': 'Garnier-Flammarion.'}, {'p': 'Texte intégral ;'}, {'v': '234'}, {'5': 'FOFT'}], 'ind1': '1'}}]","[{'830': {'ind2': '0', 'subfields': [{'a': 'Garnier Flammarion (Series).'}, {'p': 'Texte intégral'}, {'v': '234.'}], 'ind1': ' '}}]","[{'490': {'ind2': ' ', 'subfields': [{'a': 'Garnier-Flammarion. Texte intégral,'}, {'v': '234'}], 'ind1': '0'}}]"
"020112314","(OCoLC)311776073","[{'490': {'ind2': ' ', 'subfields': [{'a': 'Campo real'}, {'5': 'FMFIU'}], 'ind1': '0'}}, {'490': {'ind2': ' ', 'subfields': [{'a': 'Colección Campo real'}, {'5': 'FU'}], 'ind1': '1'}}]","[{'830': {'ind2': '0', 'subfields': [{'a': 'Campo real.'}], 'ind1': ' '}}]","[{'490': {'ind2': ' ', 'subfields': [{'a': 'Campo real'}], 'ind1': '0'}}]"
"020024548","(OCoLC)00005214","[{'490': {'ind2': ' ', 'subfields': [{'a': 'Patterson Smith reprint series in criminology, law enforcement, and social problems. Publication no. 47'}, {'5': 'FPeU'}, {'5': 'FU'}], 'ind1': '0'}}, {'490': {'ind2': ' ', 'subfields': [{'a': 'Patterson Smith reprint series in criminology, law enforcement, and social problems.'}, {'v': 'Publication no. 47'}, {'5': 'FJUNF'}], 'ind1': '1'}}]","[{'830': {'ind2': '0', 'subfields': [{'a': 'Patterson Smith reprint series in criminology, law enforcement, and social problems.'}, {'v': 'Publication no. 47'}], 'ind1': ' '}}]","[{'490': {'ind2': ' ', 'subfields': [{'a': 'Patterson Smith reprint series in criminology, law enforcement, and social problems. Publication no. 47'}], 'ind1': '0'}}]"
"020240768","(OCoLC)00054386","[{'490': {'ind2': ' ', 'subfields': [{'a': 'Kennikat series in Irish history and culture'}, {'5': 'FTS'}], 'ind1': '1'}}, {'490': {'ind2': ' ', 'subfields': [{'a': 'Kennikat Press scholarly reprints'}, {'5': 'FTS'}], 'ind1': '1'}}]","[{'830': {'ind2': '0', 'subfields': [{'a': 'Kennikat Press scholarly reprints.'}, {'p': 'Series in Irish history and culture.'}], 'ind1': ' '}}]","[{'490': {'ind2': ' ', 'subfields': [{'a': 'Kennikat series in Irish history and culture'}], 'ind1': '0'}}, {'490': {'ind2': ' ', 'subfields': [{'a': 'Kennikat Press scholarly reprints.'}], 'ind1': '0'}}]"
"020139840","(OCoLC)55973123","[{'490': {'ind2': ' ', 'subfields': [{'a': 'Currents / University of Alberta Press'}, {'5': 'FTS'}], 'ind1': '0'}}, {'490': {'ind2': ' ', 'subfields': [{'a': 'A volume in (cuRRents), a Canadian literature series'}, {'5': 'FMFIU'}], 'ind1': '1'}}]","[{'830': {'ind2': '0', 'subfields': [{'a': 'Currents (Edmonton, Alta.)'}], 'ind1': ' '}}]","[{'490': {'ind2': ' ', 'subfields': [{'a': 'Currents / University of Alberta Press'}], 'ind1': '0'}}]"
"020241579","(OCoLC)00054607","[{'490': {'ind2': ' ', 'subfields': [{'a': 'Kennikat series in Irish history and culture'}, {'5': 'FTS'}], 'ind1': '1'}}, {'490': {'ind2': ' ', 'subfields': [{'a': 'Kennikat Press scholarly reprints'}, {'5': 'FTS'}], 'ind1': '1'}}]","[{'830': {'ind2': '0', 'subfields': [{'a': 'Kennikat Press scholarly reprints.'}, {'p': 'Series in Irish history and culture.'}], 'ind1': ' '}}]","[{'490': {'ind2': ' ', 'subfields': [{'a': 'Kennikat series in Irish history and culture'}], 'ind1': '0'}}, {'490': {'ind2': ' ', 'subfields': [{'a': 'Kennikat Press scholarly reprints.'}], 'ind1': '0'}}]"
"020116496","(OCoLC)00021915","[{'490': {'ind2': ' ', 'subfields': [{'a': 'Burt Franklin: Research & source works series, 273'}, {'5': 'FTaSU'}], 'ind1': '0'}}, {'490': {'ind2': ' ', 'subfields': [{'a': 'American classics in history & social science, 49'}, {'5': 'FTS'}], 'ind1': '1'}}]","[{'830': {'ind2': '0', 'subfields': [{'a': 'American classics in history and social science,'}, {'v': '49.'}], 'ind1': ' '}}]","[{'490': {'ind2': ' ', 'subfields': [{'a': 'Burt Franklin: Research & source works series, 273'}], 'ind1': '0'}}, {'490': {'ind2': ' ', 'subfields': [{'a': 'American classics in history & social science, 49'}], 'ind1': '0'}}]"
"020146597","(OCoLC)00103964","[{'490': {'ind2': ' ', 'subfields': [{'a': 'Cambridge studies in social anthropology, 3'}, {'5': 'FSsNC'}, {'5': 'FJUNF'}, {'5': 'FTaFA'}, {'5': 'FBoU'}], 'ind1': '0'}}, {'490': {'ind2': ' ', 'subfields': [{'a': 'Cambridge studies in social anthropology,'}, {'v': '3'}, {'5': 'FMFIU'}, {'5': 'FTaSU'}], 'ind1': '1'}}]","[{'830': {'ind2': '0', 'subfields': [{'a': 'Cambridge studies in social anthropology,'}, {'v': 'no. 3.'}], 'ind1': ' '}}]","[{'490': {'ind2': ' ', 'subfields': [{'a': 'Cambridge studies in social anthropology, 3'}], 'ind1': '0'}}]"
"020262799","(OCoLC)00087646","[{'490': {'ind2': ' ', 'subfields': [{'a': 'Applied mathematics and mechanics, v. 12'}, {'5': 'FPeU'}, {'5': 'FBoU'}], 'ind1': '0'}}, {'490': {'ind2': ' ', 'subfields': [{'a': 'Applied mathematics and mechanics,'}, {'v': 'v. 12'}, {'5': 'FOFT'}], 'ind1': '1'}}]","[{'830': {'ind2': '0', 'subfields': [{'a': 'Applied mathematics and mechanics (Academic Press) ;'}, {'v': 'v. 12.'}], 'ind1': ' '}}]","[{'490': {'ind2': ' ', 'subfields': [{'a': 'Applied mathematics and mechanics,'}, {'v': 'v. 12'}], 'ind1': '0'}}]"
"020307106","(OCoLC)09459755","[{'490': {'ind2': ' ', 'subfields': [{'a': '10/18 ; 752'}, {'5': 'FTaSU'}], 'ind1': '0'}}, {'490': {'ind2': ' ', 'subfields': [{'a': '10/18 <i.e. Dix/Dix-huit; no. 752 : Bibliothèque médiœvale'}, {'5': 'FU'}], 'ind1': '0'}}, {'490': {'ind2': ' ', 'subfields': [{'a': 'Bibliothèque médiévale'}, {'5': 'FTaSU'}], 'ind1': '1'}}]","[{'830': {'ind2': '0', 'subfields': [{'a': 'Série Bibliothèque médiévale.'}], 'ind1': ' '}}]","[{'490': {'ind2': ' ', 'subfields': [{'a': '10/18 [i.e. Dix/Dix-huit] ;'}, {'v': 'no. 752 : Bibliothèque médiévale'}], 'ind1': '0'}}]"
"020039890","(OCoLC)00006166","[{'490': {'ind2': ' ', 'subfields': [{'a': 'The American immigration collection'}, {'5': 'FBoU'}], 'ind1': '0'}}, {'490': {'ind2': ' ', 'subfields': [{'a': 'The University of Chicago social service series.'}, {'5': 'FBoU'}, {'5': 'FTaSU'}], 'ind1': '1'}}]","[{'830': {'ind2': '0', 'subfields': [{'a': 'Social service series.'}], 'ind1': ' '}}]","[{'490': {'ind2': ' ', 'subfields': [{'a': 'The American immigration collection'}], 'ind1': '0'}}, {'490': {'ind2': ' ', 'subfields': [{'a': 'The University of Chicago social service series'}], 'ind1': '1'}}]"
"020264538","(OCoLC)00088138","[{'490': {'ind2': ' ', 'subfields': [{'a': 'A Da Capo Press reprint series.'}, {'5': 'FTaFA'}], 'ind1': '0'}}, {'490': {'ind2': ' ', 'subfields': [{'a': 'The American scene'}, {'5': 'FOFT'}, {'5': 'FTaFA'}, {'5': 'FTS'}], 'ind1': '1'}}]","[{'830': {'ind2': '0', 'subfields': [{'a': 'American scene, comments and commentators.'}], 'ind1': ' '}}]","[{'490': {'ind2': ' ', 'subfields': [{'a': 'The American scene'}], 'ind1': '0'}}, {'490': {'ind2': ' ', 'subfields': [{'a': 'A Da Capo Press reprint series'}], 'ind1': '0'}}]"
"020246439","(OCoLC)00055910","[{'490': {'ind2': ' ', 'subfields': [{'a': 'Burt Franklin bibliography and reference series, 263'}, {'5': 'FTS'}, {'5': 'FU'}], 'ind1': '1'}}, {'490': {'ind2': ' ', 'subfields': [{'a': 'Essays in literature and criticism, 30'}, {'5': 'FU'}], 'ind1': '1'}}]","[{'830': {'ind2': '0', 'subfields': [{'a': 'Burt Franklin bibliography & reference series,'}, {'v': '263.'}], 'ind1': ' '}}, {'830': {'ind2': '0', 'subfields': [{'a': 'Burt Franklin bibliography & reference series.'}, {'p': 'Essays in literature and criticism ;'}, {'v': '30.'}], 'ind1': ' '}}]","[{'490': {'ind2': ' ', 'subfields': [{'a': 'Essays in literature and criticism, 30'}], 'ind1': '0'}}, {'490': {'ind2': ' ', 'subfields': [{'a': 'Burt Franklin bibliography and reference series, 263'}], 'ind1': '0'}}]"
"020182653","(OCoLC)00678665","[{'490': {'ind2': ' ', 'subfields': [{'a': 'McGraw-Hill publications in the agricultural sciences, L.J. Cole, consulting editor'}, {'5': 'FTaFA'}, {'5': 'FTaSU'}], 'ind1': '0'}}, {'490': {'ind2': ' ', 'subfields': [{'a': 'McGraw-Hill publications in the agricultural sciences'}, {'5': 'FOFT'}], 'ind1': '1'}}]","[{'830': {'ind2': '0', 'subfields': [{'a': 'McGraw-Hill publications in the agricultural sciences.'}], 'ind1': ' '}}]","[{'490': {'ind2': ' ', 'subfields': [{'a': 'McGraw-Hill publications in the agricultural sciences, L.J. Cole, consulting editor'}], 'ind1': '0'}}]"
"020289726","(OCoLC)11508584","[{'490': {'ind2': ' ', 'subfields': [{'a': 'Sección literatura'}, {'5': 'FTaSU'}], 'ind1': '1'}}, {'490': {'ind2': ' ', 'subfields': [{'a': 'El libro de bolsillo ;'}, {'v': '308'}, {'5': 'FTaSU'}], 'ind1': '0'}}]","[{'830': {'ind2': '0', 'subfields': [{'a': 'Libro de bolsillo.'}, {'p': 'Literatura.'}], 'ind1': ' '}}]","[{'490': {'ind2': ' ', 'subfields': [{'a': 'El libro de bolsillo ;'}, {'v': '308, 372, 409.'}, {'a': 'Sección literatura'}], 'ind1': '0'}}]"
"020117538","(OCoLC)00023936","[{'490': {'ind2': ' ', 'subfields': [{'a': 'Burt Franklin research and source work series, #77'}, {'5': 'FPeU'}, {'5': 'FTaSU'}], 'ind1': '0'}}, {'490': {'ind2': ' ', 'subfields': [{'a': 'Burt Franklin research and source work series, no. 77'}, {'5': 'FTS'}], 'ind1': '1'}}]","[{'830': {'ind2': '0', 'subfields': [{'a': 'Burt Franklin research & source works series,'}, {'v': 'no. 77.'}], 'ind1': ' '}}]","[{'490': {'ind2': ' ', 'subfields': [{'a': 'Burt Franklin research and source work series, #77'}], 'ind1': '0'}}]"
"020043052","(OCoLC)10260399","[{'490': {'ind2': ' ', 'subfields': [{'a': 'Training systems and technology series,'}, {'v': 'No. IV'}, {'5': 'FU'}], 'ind1': '1'}}, {'490': {'ind2': ' ', 'subfields': [{'a': 'Pamphlet ;'}, {'v': 'T-13'}, {'5': 'FU'}], 'ind1': '1'}}]","[{'830': {'ind2': '0', 'subfields': [{'a': 'Training systems and technology series (United States Civil Service Commission. Bureau of Training) ;'}, {'v': 'no. 4.'}], 'ind1': ' '}}, {'830': {'ind2': '0', 'subfields': [{'a': 'Pamphlet (United States Civil Service Commission) ;'}, {'v': 'T-13.'}], 'ind1': ' '}}]","[{'490': {'ind2': ' ', 'subfields': [{'a': 'Training systems and technology series,'}, {'v': 'no. IV'}], 'ind1': '0'}}]"
"020195818","(OCoLC)03874438","[{'490': {'ind2': ' ', 'subfields': [{'a': 'Colección Esquemas, 18'}, {'5': 'FU'}, {'5': 'FTaSU'}], 'ind1': '0'}}, {'490': {'ind2': ' ', 'subfields': [{'a': 'Colección Esquemas ;'}, {'v': '18'}, {'5': 'FMFIU'}], 'ind1': '1'}}]","[{'830': {'ind2': '0', 'subfields': [{'a': 'Colección Esquemas (Editorial Columba) ;'}, {'v': '18.'}], 'ind1': ' '}}]","[{'490': {'ind2': ' ', 'subfields': [{'a': 'Colección Esquemas ;'}, {'v': '18'}], 'ind1': '0'}}]"
"020050778","(OCoLC)00012269","[{'490': {'ind2': ' ', 'subfields': [{'a': 'Patterson Smith reprint series in criminology, law enforcement, and social problems, no. 69'}, {'5': 'FMFIU'}, {'5': 'FBoU'}, {'5': 'FU'}], 'ind1': '0'}}, {'490': {'ind2': ' ', 'subfields': [{'a': 'Patterson Smith reprint series in criminology, law enforcement, and social problems ;'}, {'v': 'no. 69'}, {'5': 'FOFT'}], 'ind1': '1'}}]","[{'830': {'ind2': '0', 'subfields': [{'a': 'Patterson Smith reprint series in criminology, law enforcement, and social problems,'}, {'v': 'Publication no. 69'}], 'ind1': ' '}}, {'830': {'ind2': '0', 'subfields': [{'a': 'Patterson Smith reprint series in criminology, law enforcement,and social problems ;'}, {'v': 'publication no. 69.'}], 'ind1': ' '}}]","[{'490': {'ind2': ' ', 'subfields': [{'a': 'Patterson Smith reprint series in criminology, law enforcement, and social problems, no. 69'}], 'ind1': '0'}}]"
"020222454","(OCoLC)00073884","[{'490': {'ind2': ' ', 'subfields': [{'a': 'His The Forsyte chronicles, v. 4'}, {'5': 'FMFIU'}], 'ind1': '0'}}, {'490': {'ind2': ' ', 'subfields': [{'a': 'The Scribner library. Contemporary classics'}, {'5': 'FSsNC'}], 'ind1': '0'}}, {'490': {'ind2': ' ', 'subfields': [{'a': 'The Scribner library ;'}, {'v': 'SL208.'}, {'a': 'Contemporary classics'}, {'5': 'FU'}], 'ind1': '1'}}, {'490': {'ind2': ' ', 'subfields': [{'a': 'The Forsyte chronicles ;'}, {'v': 'vol. 4'}, {'5': 'FU'}, {'5': 'FSsNC'}], 'ind1': '1'}}, {'490': {'ind2': ' ', 'subfields': [{'a': 'The Forsyte chronicles, v. 4'}, {'5': 'FOFT'}], 'ind1': '1'}}]","[{'830': {'ind2': '0', 'subfields': [{'a': 'Scribner library.'}, {'p': 'Contemporary classics.'}], 'ind1': ' '}}]","[{'490': {'ind2': ' ', 'subfields': [{'a': 'The Forsyte chronicles ;'}, {'v': 'vol. 4'}], 'ind1': '1'}}, {'490': {'ind2': ' ', 'subfields': [{'a': 'The Scribner library. Contemporary classics'}], 'ind1': '0'}}]"
"020269289","(OCoLC)00090286","[{'490': {'ind2': ' ', 'subfields': [{'a': 'Burt Franklin research and source works series, 442.'}, {'5': 'FMFIU'}, {'5': 'FBoU'}, {'5': 'FTS'}], 'ind1': '1'}}, {'490': {'ind2': ' ', 'subfields': [{'a': 'American classics in history and social science, 94'}, {'5': 'FMFIU'}, {'5': 'FBoU'}], 'ind1': '1'}}]","[{'830': {'ind2': '0', 'subfields': [{'a': 'American classics in history and social science,'}, {'v': '94'}], 'ind1': ' '}}, {'830': {'ind2': '0', 'subfields': [{'a': 'Burt Franklin research & source works series ;'}, {'v': 'no. 442'}], 'ind1': ' '}}, {'830': {'ind2': '0', 'subfields': [{'a': 'Burt Franklin research & source works series,'}, {'v': '442.'}], 'ind1': ' '}}]","[{'490': {'ind2': ' ', 'subfields': [{'a': 'American classics in history and social science,'}, {'v': '94'}], 'ind1': '0'}}, {'490': {'ind2': ' ', 'subfields': [{'a': 'Burt Franklin research and source works series,'}, {'v': '442'}], 'ind1': '0'}}]"
"020051091","(OCoLC)00012322","[{'490': {'ind2': ' ', 'subfields': [{'a': 'Studies in language and literature'}, {'5': 'FTaSU'}, {'5': 'FTS'}, {'5': 'FU'}], 'ind1': '0'}}, {'490': {'ind2': ' ', 'subfields': [{'a': 'Studies in language and literature ;'}, {'v': 'SLL 25'}, {'5': 'FJUNF'}], 'ind1': '1'}}]","[{'830': {'ind2': '0', 'subfields': [{'a': 'Studies in language and literature (Random House) ;'}, {'v': 'SLL 25.'}], 'ind1': ' '}}, {'830': {'ind2': '0', 'subfields': [{'a': 'Studies in language and literature (Random House)'}], 'ind1': ' '}}]","[{'490': {'ind2': ' ', 'subfields': [{'a': 'Studies in language and literature'}], 'ind1': '0'}}]"
"020224910","(OCoLC)05267866","[{'490': {'ind2': ' ', 'subfields': [{'a': 'Pride of Britain.'}, {'5': 'FBoU'}], 'ind1': '0'}}, {'490': {'ind2': ' ', 'subfields': [{'a': 'Pride of Britain books'}, {'5': 'FTaSU'}], 'ind1': '1'}}]","[{'830': {'ind2': '0', 'subfields': [{'a': 'Pride of Britian books'}], 'ind1': ' '}}]","[{'490': {'ind2': ' ', 'subfields': [{'a': 'Pride of Britain.'}], 'ind1': '0'}}]"
"020093552","(OCoLC)09214707","[{'490': {'ind2': ' ', 'subfields': [{'a': 'Las Cien mejores obras de la literatura universal ;'}, {'v': 'v. 32'}, {'5': 'FTaSU'}], 'ind1': '1'}}, {'490': {'ind2': ' ', 'subfields': [{'a': 'Bibliotecas populares Cervantes ;'}, {'v': 'serie 2'}, {'5': 'FTaSU'}], 'ind1': '0'}}]","[{'830': {'ind2': '0', 'subfields': [{'a': 'Bibliotecas populares Cervantes.'}, {'p': 'Cien mejores obras de la literatura universal ;'}, {'v': 'vol. 32.'}], 'ind1': ' '}}]","[{'490': {'ind2': ' ', 'subfields': [{'a': 'Las Cien mejores obras de la literatura universal,'}, {'v': 'vol. 32'}], 'ind1': '0'}}]"
"020267262","(OCoLC)00828560","[{'490': {'ind2': ' ', 'subfields': [{'a': 'National Educational Finance Project. v.5'}, {'5': 'FTaSU'}], 'ind1': '0'}}, {'490': {'ind2': ' ', 'subfields': [{'a': 'National educational finance project ;'}, {'v': 'v. 5'}, {'5': 'FTS'}], 'ind1': '1'}}]","[{'830': {'ind2': '0', 'subfields': [{'a': 'National educational finance project ;'}, {'v': 'v. 5'}], 'ind1': ' '}}]","[{'490': {'ind2': ' ', 'subfields': [{'a': 'National Educational Finance Project,'}, {'v': 'v. 5'}], 'ind1': '0'}}]"
"020191904","(OCoLC)747797365","[{'490': {'ind2': ' ', 'subfields': [{'a': 'Earth is Our Mother ;'}, {'v': '1'}, {'5': 'FTS'}], 'ind1': '0'}}, {'490': {'ind2': ' ', 'subfields': [{'a': 'Filmakers library online'}, {'5': 'FTS'}], 'ind1': '1'}}]","[{'830': {'ind2': '0', 'subfields': [{'a': 'Filmakers library online.'}], 'ind1': ' '}}]","[{'490': {'ind2': ' ', 'subfields': [{'a': 'Earth is Our Mother ;'}, {'v': '1'}], 'ind1': '0'}}]"
"020238948","(OCoLC)00500939","[{'490': {'ind2': ' ', 'subfields': [{'a': 'Quadrangle paperbacks,'}, {'v': 'QP71'}, {'5': 'FFmFGC'}], 'ind1': '0'}}, {'490': {'ind2': ' ', 'subfields': [{'a': 'Quadrangle paperbacks'}, {'5': 'FJUNF'}, {'5': 'FMFIU'}], 'ind1': '0'}}, {'490': {'ind2': ' ', 'subfields': [{'a': 'Quadrangle paperbacks, QP71'}, {'5': 'FOFT'}, {'5': 'FTS'}, {'5': 'FU'}], 'ind1': '1'}}]","[{'830': {'ind2': '0', 'subfields': [{'a': 'Quadrangle paperbacks ;'}, {'v': '71.'}], 'ind1': ' '}}]","[{'490': {'ind2': ' ', 'subfields': [{'a': 'Quadrangle paperbacks,'}, {'v': 'QP71'}], 'ind1': '0'}}]"
"020276971","(OCoLC)00062584","[{'490': {'ind2': ' ', 'subfields': [{'a': 'Selected essays in history, economics, and social science, 93.'}, {'5': 'FU'}], 'ind1': '1'}}, {'490': {'ind2': ' ', 'subfields': [{'a': 'Burt Franklin: Research and source works series 385'}, {'5': 'FTS'}, {'5': 'FTaFA'}, {'5': 'FU'}], 'ind1': '1'}}, {'490': {'ind2': ' ', 'subfields': [{'a': 'Selected essays in history, economics, and social science,'}, {'v': '93'}, {'5': 'FTS'}], 'ind1': '1'}}]","[{'830': {'ind2': '0', 'subfields': [{'a': 'Burt Franklin research & source works series,'}, {'v': '385.'}], 'ind1': ' '}}, {'830': {'ind2': '0', 'subfields': [{'a': 'Selected essays in history, economics, & social science,'}, {'v': '93.'}], 'ind1': ' '}}, {'830': {'ind2': '0', 'subfields': [{'a': 'Burt Franklin research & source works series ;'}, {'v': 'no. 385.'}], 'ind1': ' '}}, {'830': {'ind2': '0', 'subfields': [{'a': 'Burt Franklin research & source works series.'}, {'p': 'Selected essays in history, economics, & social science ;'}, {'v': '93.'}], 'ind1': ' '}}]","[{'490': {'ind2': ' ', 'subfields': [{'a': 'Burt Franklin: Research and source works series 385'}], 'ind1': '0'}}]"
"020161192","(OCoLC)09299336","[{'490': {'ind2': ' ', 'subfields': [{'a': 'El libro de bolsillo ;'}, {'v': '899'}, {'5': 'FTaSU'}, {'5': 'FMFIU'}], 'ind1': '0'}}, {'490': {'ind2': ' ', 'subfields': [{'a': 'Sección literatura'}, {'5': 'FTaSU'}, {'5': 'FMFIU'}], 'ind1': '1'}}]","[{'830': {'ind2': '0', 'subfields': [{'a': 'Libro de bolsillo.'}, {'p': 'Literatura.'}], 'ind1': ' '}}]","[{'490': {'ind2': ' ', 'subfields': [{'a': 'El libro de bolsillo : Sección literatura ;'}, {'v': '899'}], 'ind1': '0'}}]"
"020247567","(OCoLC)00080791","[{'490': {'ind2': ' ', 'subfields': [{'a': 'World regional studies'}, {'5': 'FMFIU'}, {'5': 'FPeU'}, {'5': 'FTaFA'}], 'ind1': '0'}}, {'490': {'ind2': ' ', 'subfields': [{'a': 'Houghton Mifflin social studies program; regional studies'}, {'5': 'FTaSU'}], 'ind1': '1'}}]","[{'830': {'ind2': '0', 'subfields': [{'a': 'World regional studies.'}], 'ind1': ' '}}]","[{'490': {'ind2': ' ', 'subfields': [{'a': 'World regional studies'}], 'ind1': '0'}}]"
"020259681","(OCoLC)00058893","[{'490': {'ind2': ' ', 'subfields': [{'a': 'A Da Capo Press reprint series.'}, {'5': 'FTaSU'}], 'ind1': '0'}}, {'490': {'ind2': ' ', 'subfields': [{'a': 'The American scene'}, {'5': 'FTS'}, {'5': 'FTaSU'}], 'ind1': '1'}}]","[{'830': {'ind2': '0', 'subfields': [{'a': 'American scene, comments and commentators.'}], 'ind1': ' '}}]","[{'490': {'ind2': ' ', 'subfields': [{'a': 'The American scene'}], 'ind1': '0'}}, {'490': {'ind2': ' ', 'subfields': [{'a': 'A Da Capo Press reprint series'}], 'ind1': '0'}}]"
"020258910","(OCoLC)00714334","[{'490': {'ind2': ' ', 'subfields': [{'a': 'The Wiley marketing series'}, {'5': 'FFmFGC'}, {'5': 'FMFIU'}], 'ind1': '0'}}, {'490': {'ind2': ' ', 'subfields': [{'a': 'Wiley marketing series'}, {'5': 'FJUNF'}], 'ind1': '1'}}]","[{'830': {'ind2': '0', 'subfields': [{'a': 'Wiley marketing series.'}], 'ind1': ' '}}]","[{'490': {'ind2': ' ', 'subfields': [{'a': 'The Wiley marketing series'}], 'ind1': '0'}}]"
"020279937","(OCoLC)00091745","[{'490': {'ind2': ' ', 'subfields': [{'a': 'Studies in philosophy, 25'}, {'5': 'FOFT'}, {'5': 'FPeU'}, {'5': 'FBoU'}, {'5': 'FTaSU'}], 'ind1': '1'}}, {'490': {'ind2': ' ', 'subfields': [{'a': 'Studies in philosophy,'}, {'v': '25'}, {'5': 'FTS'}], 'ind1': '1'}}]","[{'830': {'ind2': '0', 'subfields': [{'a': 'Studies in philosophy (Hague, Netherlands) ;'}, {'v': 'v. 25.'}], 'ind1': ' '}}, {'830': {'ind2': '0', 'subfields': [{'a': 'Studies in philosophy (Hague, Netherlands)'}, {'v': '25.'}], 'ind1': ' '}}]","[{'490': {'ind2': ' ', 'subfields': [{'a': 'Studies in philosophy,'}, {'v': '25'}], 'ind1': '0'}}]"
"020078507","(OCoLC)270870114","[{'490': {'ind2': ' ', 'subfields': [{'a': 'Selected essays in literature & criticism, #20'}, {'5': 'FOFT'}], 'ind1': '0'}}, {'490': {'ind2': ' ', 'subfields': [{'a': 'Burt Franklin Research & source works series, #332'}, {'5': 'FOFT'}], 'ind1': '1'}}]","[{'830': {'ind2': '0', 'subfields': [{'a': 'Burt Franklin research & source works series ;'}, {'v': 'no. 332.'}], 'ind1': ' '}}]","[{'490': {'ind2': ' ', 'subfields': [{'a': 'Selected essays in literature & criticism, #20'}], 'ind1': '0'}}, {'490': {'ind2': ' ', 'subfields': [{'a': 'Burt Franklin Research & source works series, #332.'}], 'ind1': '0'}}]"
"020320863","(OCoLC)00099962","[{'490': {'ind2': ' ', 'subfields': [{'a': 'American imperialism ; viewpoints of United States foreign policy, 1898-1941'}, {'5': 'FU'}], 'ind1': '0'}}, {'490': {'ind2': ' ', 'subfields': [{'a': 'American imperialism'}, {'5': 'FMFIU'}, {'5': 'FJUNF'}], 'ind1': '1'}}]","[{'830': {'ind2': '0', 'subfields': [{'a': 'American imperialism (New York, 1928- )'}], 'ind1': ' '}}, {'830': {'ind2': '0', 'subfields': [{'a': 'American imperialism (New York N.Y.)'}], 'ind1': ' '}}]","[{'490': {'ind2': ' ', 'subfields': [{'a': 'American imperialism'}], 'ind1': '0'}}]"
"020120657","(OCoLC)03417987","[{'490': {'ind2': ' ', 'subfields': [{'a': 'Resource monograph ; no. 10'}, {'5': 'FU'}, {'5': 'FTaSU'}], 'ind1': '0'}}, {'490': {'ind2': ' ', 'subfields': [{'a': 'Resource monograph ;'}, {'v': 'no. 10'}, {'5': 'FTS'}], 'ind1': '1'}}]","[{'830': {'ind2': '0', 'subfields': [{'a': 'Resource monograph (University of Florida. P.K. Yonge Laboratory School) ;'}, {'v': 'no. 10.'}], 'ind1': ' '}}]","[{'490': {'ind2': ' ', 'subfields': [{'a': 'Resource monograph ;'}, {'v': 'no. 10'}], 'ind1': '0'}}]"
"020006149","(OCoLC)00700759","[{'490': {'ind2': ' ', 'subfields': [{'a': 'American lecture series, publication no. 932. A monograph in the Bannerstone division of American lectures in radiation therapy'}, {'5': 'FTaFA'}], 'ind1': '0'}}, {'490': {'ind2': ' ', 'subfields': [{'a': 'American lecture series ;'}, {'v': 'publication no. 932. A [monograph] in the Bannerstone division of American lectures in radiation therapy'}, {'5': 'FU'}], 'ind1': '1'}}]","[{'830': {'ind2': '0', 'subfields': [{'a': 'American lecture series ;'}, {'v': 'publication no. 932. American lectures in radiation therapy.'}], 'ind1': ' '}}]","[{'490': {'ind2': ' ', 'subfields': [{'a': 'American lecture series, publication no. 932. A monograph in the Bannerstone division of American lectures in radiation therapy'}], 'ind1': '0'}}]"
"020155864","(OCoLC)04860491","[{'490': {'ind2': ' ', 'subfields': [{'a': 'National Archives microfilm publications ;'}, {'v': 'microcopy 432, rolls 58-60'}, {'5': 'FJUNF'}], 'ind1': '1'}}, {'490': {'ind2': ' ', 'subfields': [{'a': 'National Archives microfilm publications ;'}, {'v': 'microcopy no. T-6, roll no. 48-50'}, {'5': 'FTaSU'}], 'ind1': '1'}}]","[{'830': {'ind2': '0', 'subfields': [{'a': 'National Archives microfilm publications ;'}, {'v': 'M432, reels 58-60.'}], 'ind1': ' '}}, {'830': {'ind2': '0', 'subfields': [{'a': 'National Archives microfilm publications.'}, {'n': 'T ;'}, {'v': 'microcopy no. 6, roll no. 48-50.'}], 'ind1': ' '}}]","[{'490': {'ind2': ' ', 'subfields': [{'a': 'National Archives microfilm publications ;'}, {'v': 'microcopy 432'}], 'ind1': '0'}}]"
"020231166","(OCoLC)00076408","[{'490': {'ind2': ' ', 'subfields': [{'a': 'Rand McNally education series.'}, {'5': 'FTaFA'}, {'5': 'FBoU'}], 'ind1': '0'}}, {'490': {'ind2': ' ', 'subfields': [{'a': 'Rand McNally curriculum series'}, {'5': 'FOFT'}, {'5': 'FTaFA'}, {'5': 'FBoU'}, {'5': 'FU'}], 'ind1': '1'}}]","[{'830': {'ind2': '0', 'subfields': [{'a': 'Rand McNally curriculum series.'}], 'ind1': ' '}}]","[{'490': {'ind2': ' ', 'subfields': [{'a': 'Rand McNally curriculum series'}], 'ind1': '0'}}, {'490': {'ind2': ' ', 'subfields': [{'a': 'Rand McNally education series'}], 'ind1': '0'}}]"
"020045400","(OCoLC)00011095","[{'490': {'ind2': ' ', 'subfields': [{'a': 'International series of monographs in aeronautics and astronautics. Division IX: Symposia, v. 20'}, {'5': 'FOFT'}, {'5': 'FBoU'}, {'5': 'FTS'}, {'5': 'FTaSU'}], 'ind1': '1'}}, {'490': {'ind2': ' ', 'subfields': [{'a': 'International series of monographs in aeronautics and astronautics. Division IX: Symposia,'}, {'v': 'v. 20'}, {'5': 'FU'}], 'ind1': '1'}}]","[{'830': {'ind2': '0', 'subfields': [{'a': 'International series on aeronautical sciences and space flight.'}, {'n': 'Division IX,'}, {'p': 'Symposia ;'}, {'v': 'v. 20.'}], 'ind1': ' '}}]","[{'490': {'ind2': ' ', 'subfields': [{'a': 'International series of monographs in aeronautics and astronautics. Division IX: Symposia, v. 20'}], 'ind1': '0'}}]"
"020162216","(OCoLC)00054524","[{'490': {'ind2': ' ', 'subfields': [{'a': 'American classics in history and social science 88'}, {'5': 'FOFT'}], 'ind1': '1'}}, {'490': {'ind2': ' ', 'subfields': [{'a': 'Burt Franklin research and source works series 384'}, {'5': 'FOFT'}, {'5': 'FTS'}], 'ind1': '1'}}]","[{'830': {'ind2': '0', 'subfields': [{'a': 'Burt Franklin research & source works series ;'}, {'v': 'no. 384.'}], 'ind1': ' '}}, {'830': {'ind2': '0', 'subfields': [{'a': 'American classics in history and social science ;'}, {'v': '88.'}], 'ind1': ' '}}, {'830': {'ind2': '0', 'subfields': [{'a': 'Burt Franklin research & source works series,'}, {'v': '384.'}], 'ind1': ' '}}]","[{'490': {'ind2': ' ', 'subfields': [{'a': 'American classics in history and social science 88'}], 'ind1': '0'}}, {'490': {'ind2': ' ', 'subfields': [{'a': 'Burt Franklin research and source works series 384'}], 'ind1': '0'}}]"
"020014236","(OCoLC)462007718","[{'490': {'ind2': ' ', 'subfields': [{'a': 'The Literature of discovery, exploration & geography, 1'}, {'5': 'FOFT'}, {'5': 'FBoU'}], 'ind1': '0'}}, {'490': {'ind2': ' ', 'subfields': [{'a': 'Burt Franklin research & source works series, 316'}, {'5': 'FOFT'}, {'5': 'FBoU'}], 'ind1': '1'}}]","[{'830': {'ind2': '0', 'subfields': [{'a': 'Burt Franklin research & source works series ;'}, {'v': 'no. 316.'}], 'ind1': ' '}}]","[{'490': {'ind2': ' ', 'subfields': [{'a': 'Burt Franklin research & source works series ;'}, {'v': 'no. 316'}], 'ind1': '0'}}, {'490': {'ind2': ' ', 'subfields': [{'a': 'The Literature of discovery, exploration & geography, 1'}], 'ind1': '0'}}]"
"020292023","(OCoLC)00093818","[{'490': {'ind2': ' ', 'subfields': [{'a': 'Selected essays in history, economics & social science, 161'}, {'5': 'FMFIU'}, {'5': 'FTaFA'}, {'5': 'FTaSU'}], 'ind1': '0'}}, {'490': {'ind2': ' ', 'subfields': [{'a': 'Burt Franklin research & source works series, 525'}, {'5': 'FMFIU'}, {'5': 'FTaFA'}, {'5': 'FTaSU'}], 'ind1': '0'}}, {'490': {'ind2': ' ', 'subfields': [{'a': 'Burt Franklin research & source works series;'}, {'v': '525'}, {'5': 'FOFT'}], 'ind1': '1'}}, {'490': {'ind2': ' ', 'subfields': [{'a': 'Selected essays in history, economics & social science ;'}, {'v': '161'}, {'5': 'FOFT'}], 'ind1': '1'}}]","[{'830': {'ind2': '0', 'subfields': [{'a': 'Selected essays in history, economics & social science,'}, {'v': 'no. 161'}], 'ind1': ' '}}, {'830': {'ind2': '0', 'subfields': [{'a': 'Burt Franklin research & source works series,'}, {'v': '525'}], 'ind1': ' '}}, {'830': {'ind2': '0', 'subfields': [{'a': 'Burt Franklin research & source works series.'}, {'p': 'Selected essays in history, economics & social science ;'}, {'v': '161.'}], 'ind1': ' '}}, {'830': {'ind2': '0', 'subfields': [{'a': 'Burt Franklin research & source works series ;'}, {'v': 'no. 525.'}], 'ind1': ' '}}]","[{'490': {'ind2': ' ', 'subfields': [{'a': 'Selected essays in history, economics & social science, 161'}], 'ind1': '0'}}, {'490': {'ind2': ' ', 'subfields': [{'a': 'Burt Franklin research & source works series, 525'}], 'ind1': '0'}}]"
"020052981","(OCoLC)02338558","[{'490': {'ind2': ' ', 'subfields': [{'a': 'Canada. Wildlife Service. Report series ; no.33'}, {'5': 'FTaSU'}], 'ind1': '0'}}, {'490': {'ind2': ' ', 'subfields': [{'a': 'Canadian Wildlife Service. Report series ;'}, {'v': 'no. 33'}, {'5': 'FU'}], 'ind1': '1'}}]","[{'830': {'ind2': '0', 'subfields': [{'a': 'Report series (Canadian Wildlife Service) ;'}, {'v': 'no. 33.'}], 'ind1': ' '}}]","[{'490': {'ind2': ' ', 'subfields': [{'a': 'Canadian Wildlife Service. Report series ;'}, {'v': 'no. 33'}], 'ind1': '0'}}]"
"020224867","(OCoLC)00077682","[{'490': {'ind2': ' ', 'subfields': [{'a': 'Burt Franklin ressearch and source works series,'}, {'v': '426.'}, {'5': 'FTaSU'}], 'ind1': '0'}}, {'490': {'ind2': ' ', 'subfields': [{'a': 'Essays in literature & criticism,'}, {'v': '49'}, {'5': 'FTaSU'}], 'ind1': '0'}}, {'490': {'ind2': ' ', 'subfields': [{'a': 'Burt Franklin ressearch and source works series, 426.'}, {'5': 'FTaFA'}], 'ind1': '0'}}, {'490': {'ind2': ' ', 'subfields': [{'a': 'Essays in literature & criticism, 49'}, {'5': 'FTaFA'}], 'ind1': '0'}}, {'490': {'ind2': ' ', 'subfields': [{'a': 'Essays in literature and criticism,'}, {'v': '49'}, {'5': 'FJUNF'}], 'ind1': '1'}}]","[{'830': {'ind2': '0', 'subfields': [{'a': 'Burt Franklin research & source works series ;'}, {'v': '426.'}], 'ind1': ' '}}, {'830': {'ind2': '0', 'subfields': [{'a': 'Burt Franklin bibliography & reference series.'}, {'p': 'Essays in literature and criticism ;'}, {'v': '49.'}], 'ind1': ' '}}]","[{'490': {'ind2': ' ', 'subfields': [{'a': 'Essays in literature & criticism, 49'}], 'ind1': '0'}}, {'490': {'ind2': ' ', 'subfields': [{'a': 'Burt Franklin ressearch and source works series, 426'}], 'ind1': '0'}}]"
"020181102","(OCoLC)01990081","[{'490': {'ind2': ' ', 'subfields': [{'a': 'Yale University publications in anthropology, no. 29'}, {'5': 'FTaSU'}], 'ind1': '0'}}, {'490': {'ind2': ' ', 'subfields': [{'a': 'No. 5b of the Publications of the Institute of Andean Research.'}, {'5': 'FTaSU'}], 'ind1': '1'}}]","[{'830': {'ind2': '0', 'subfields': [{'a': 'Publications for the Institute of Andean Research ;'}, {'v': 'no. 5b.'}], 'ind1': ' '}}]","[{'490': {'ind2': ' ', 'subfields': [{'a': 'Yale university publications in anthropology,'}, {'v': 'no. 29'}], 'ind1': '0'}}]"
"020181040","(OCoLC)01989994","[{'490': {'ind2': ' ', 'subfields': [{'a': 'Yale University publications in anthropology, no. 28'}, {'5': 'FTaSU'}], 'ind1': '0'}}, {'490': {'ind2': ' ', 'subfields': [{'a': 'No. 5a of the Publications of the Institute of Andean Research'}, {'5': 'FTaSU'}], 'ind1': '1'}}]","[{'830': {'ind2': '0', 'subfields': [{'a': 'Publications for the Institute of Andean Research ;'}, {'v': 'no. 5a.'}], 'ind1': ' '}}]","[{'490': {'ind2': ' ', 'subfields': [{'a': 'Yale university publications in anthropology,'}, {'v': 'no. 28'}], 'ind1': '0'}}]"
"020102879","(OCoLC)04786203","[{'490': {'ind2': ' ', 'subfields': [{'a': 'New Shakspere Society publications, ser.2: Plays, no.5-6, 9-10'}, {'5': 'FSsNC'}], 'ind1': '0'}}, {'490': {'ind2': ' ', 'subfields': [{'a': 'New Shakespere Society publications, Ser.2 no.5-6,9-10'}, {'5': 'FTS'}], 'ind1': '1'}}]","[{'830': {'ind2': '0', 'subfields': [{'a': 'New Shakespere Society publications ;'}, {'v': 'ser. 2, no. 5-6'}], 'ind1': ' '}}, {'830': {'ind2': '0', 'subfields': [{'a': 'New Shakespere Society publications ;'}, {'v': 'ser. 2, no. 9-10'}], 'ind1': ' '}}]","[{'490': {'ind2': ' ', 'subfields': [{'a': 'New Shakspere Society publications, ser. 2: Plays,'}, {'v': 'no. 5-6, 9-10'}], 'ind1': '0'}}]"
"020296184","(OCoLC)00094937","[{'490': {'ind2': ' ', 'subfields': [{'a': 'Roots of the right'}, {'5': 'FPeU'}], 'ind1': '0'}}, {'490': {'ind2': ' ', 'subfields': [{'a': 'Roots of the right; readings in fascist, racist and elitist ideology'}, {'5': 'FTS'}], 'ind1': '1'}}]","[{'830': {'ind2': '0', 'subfields': [{'a': 'Roots of the right.'}], 'ind1': ' '}}]","[{'490': {'ind2': ' ', 'subfields': [{'a': 'Roots of the right'}], 'ind1': '0'}}]"
"020055258","(OCoLC)00012857","[{'490': {'ind2': ' ', 'subfields': [{'a': 'The Commonwealth and international library. History division'}, {'5': 'FBoU'}, {'5': 'FTaSU'}, {'5': 'FTaFA'}, {'5': 'FSsNC'}], 'ind1': '0'}}, {'490': {'ind2': ' ', 'subfields': [{'a': 'The Commonwealth and international library.'}, {'p': 'History division'}, {'5': 'FOFT'}], 'ind1': '1'}}]","[{'830': {'ind2': '0', 'subfields': [{'a': 'Commonwealth and international library.'}, {'p': 'History division.'}], 'ind1': ' '}}]","[{'490': {'ind2': ' ', 'subfields': [{'a': 'The Commonwealth and international library. History division'}], 'ind1': '0'}}]"
"020297396","(OCoLC)00094845","[{'490': {'ind2': ' ', 'subfields': [{'a': 'Burt Franklin bibliography and reference series 358'}, {'5': 'FMFIU'}, {'5': 'FTS'}, {'5': 'FTaSU'}], 'ind1': '0'}}, {'490': {'ind2': ' ', 'subfields': [{'a': 'Burt Franklin bibliography and reference series ;'}, {'v': '358'}, {'5': 'FJUNF'}], 'ind1': '1'}}]","[{'830': {'ind2': '0', 'subfields': [{'a': 'Burt Franklin bibliography & reference series ;'}, {'v': '358.'}], 'ind1': ' '}}]","[{'490': {'ind2': ' ', 'subfields': [{'a': 'Burt Franklin bibliography and reference series 358'}], 'ind1': '0'}}]"
"020072442","(OCoLC)00013005","[{'490': {'ind2': ' ', 'subfields': [{'a': 'Burt Franklin bibliography & references series, 271'}, {'5': 'FPeU'}], 'ind1': '0'}}, {'490': {'ind2': ' ', 'subfields': [{'a': 'Essays in literature and criticism 26'}, {'5': 'FPeU'}], 'ind1': '0'}}, {'490': {'ind2': ' ', 'subfields': [{'a': 'Burt Franklin bibliography & references series,'}, {'v': '271'}, {'5': 'FU'}], 'ind1': '0'}}, {'490': {'ind2': ' ', 'subfields': [{'a': 'Essays in literature and criticism.'}, {'v': '26'}, {'5': 'FU'}], 'ind1': '1'}}]","[{'830': {'ind2': '0', 'subfields': [{'a': 'Burt Franklin bibliography & reference series.'}, {'p': 'Essays in literature and criticism ;'}, {'v': '26.'}], 'ind1': ' '}}]","[{'490': {'ind2': ' ', 'subfields': [{'a': 'Essays in literature and criticism 26'}], 'ind1': '0'}}, {'490': {'ind2': ' ', 'subfields': [{'a': 'Burt Franklin bibliography & references series, 271'}], 'ind1': '0'}}]"
"020319290","(OCoLC)00100478","[{'490': {'ind2': ' ', 'subfields': [{'a': 'Pure and applied mathematics, 1'}, {'5': 'FOFT'}, {'5': 'FJUNF'}, {'5': 'FPeU'}, {'5': 'FBoU'}, {'5': 'FTS'}], 'ind1': '0'}}, {'490': {'ind2': ' ', 'subfields': [{'a': 'Pure and applied mathematics,'}, {'v': '1'}, {'5': 'FTaSU'}], 'ind1': '1'}}, {'490': {'ind2': ' ', 'subfields': [{'a': 'Pure and applied mathematics ;'}, {'v': 'v. 1'}, {'5': 'FU'}], 'ind1': '1'}}]","[{'830': {'ind2': '0', 'subfields': [{'a': 'Pure and applied mathematics (Marcel Dekker, Inc.),'}, {'v': '1.'}], 'ind1': ' '}}, {'830': {'ind2': '0', 'subfields': [{'a': 'Monographs and textbooks in pure and applied mathematics,'}, {'v': 'v. 1.'}], 'ind1': ' '}}, {'830': {'ind2': '0', 'subfields': [{'a': 'Monographs and textbooks in pure and applied mathematics ;'}, {'v': '1.'}], 'ind1': ' '}}]","[{'490': {'ind2': ' ', 'subfields': [{'a': 'Pure and applied mathematics,'}, {'v': '1'}], 'ind1': '0'}}]"
"020275598","(OCoLC)00062251","[{'490': {'ind2': ' ', 'subfields': [{'a': 'Kennikat series in Irish history and culture'}, {'5': 'FTS'}], 'ind1': '1'}}, {'490': {'ind2': ' ', 'subfields': [{'a': 'Kennikat Press scholarly reprints'}, {'5': 'FTS'}], 'ind1': '1'}}]","[{'830': {'ind2': '0', 'subfields': [{'a': 'Kennikat Press scholarly reprints.'}, {'p': 'Series in Irish history and culture.'}], 'ind1': ' '}}]","[{'490': {'ind2': ' ', 'subfields': [{'a': 'Kennikat series in Irish history and culture'}], 'ind1': '0'}}, {'490': {'ind2': ' ', 'subfields': [{'a': 'Kennikat Press scholarly reprints.'}], 'ind1': '0'}}]"
"020268304","(OCoLC)01159963","[{'490': {'ind2': ' ', 'subfields': [{'a': '[National Research Council] Publication 1406'}, {'5': 'FU'}], 'ind1': '0'}}, {'490': {'ind2': ' ', 'subfields': [{'a': '[National Research Council] Publication'}, {'v': '1406'}, {'5': 'FTaSU'}], 'ind1': '1'}}]","[{'830': {'ind2': '0', 'subfields': [{'a': 'Publication (National Research Council (U.S.)) ;'}, {'v': '1406.'}], 'ind1': ' '}}]","[{'490': {'ind2': ' ', 'subfields': [{'a': '[National Research Council] Publication 1406'}], 'ind1': '0'}}]"
"020052889","(OCoLC)01635340","[{'490': {'ind2': ' ', 'subfields': [{'a': 'Research report / Legislative Research Commission ;'}, {'v': 'no. 119.'}, {'5': 'FTaSU'}], 'ind1': '0'}}, {'490': {'ind2': ' ', 'subfields': [{'a': 'Research report ; no. 119.'}, {'5': 'FU'}], 'ind1': '1'}}]","[{'830': {'ind2': '0', 'subfields': [{'a': 'Research report (Kentucky. General Assembly. Legislative Research Commission) ;'}, {'v': 'no. 119.'}], 'ind1': ' '}}]","[{'490': {'ind2': ' ', 'subfields': [{'a': 'I̲t̲s̲ Research report ;'}, {'v': 'no. 119'}], 'ind1': '0'}}]"
"020188905","(OCoLC)00062481","[{'490': {'ind2': ' ', 'subfields': [{'a': 'Burt Franklin bibliography and reference series,'}, {'v': '294'}, {'5': 'FBoU'}], 'ind1': '0'}}, {'490': {'ind2': ' ', 'subfields': [{'a': 'Burt Franklin bibliography and reference series, 294'}, {'5': 'FOFT'}, {'5': 'FTS'}, {'5': 'FTaSU'}, {'5': 'FU'}, {'5': 'FTaFA'}], 'ind1': '1'}}]","[{'830': {'ind2': '0', 'subfields': [{'a': 'Burt Franklin bibliography & reference series ;'}, {'v': '294.'}], 'ind1': ' '}}]","[{'490': {'ind2': ' ', 'subfields': [{'a': 'Burt Franklin bibliography and reference series,'}, {'v': '294'}], 'ind1': '0'}}]"
"020299713","(OCoLC)00095388","[{'490': {'ind2': ' ', 'subfields': [{'a': 'Essays in literature & criticism, 63'}, {'5': 'FMFIU'}, {'5': 'FTS'}], 'ind1': '0'}}, {'490': {'ind2': ' ', 'subfields': [{'a': 'Burt Franklin bibliography and reference series, 331.'}, {'5': 'FMFIU'}, {'5': 'FJUNF'}, {'5': 'FTS'}], 'ind1': '0'}}, {'490': {'ind2': ' ', 'subfields': [{'a': 'Essays in literature & criticism,'}, {'v': '63'}, {'5': 'FTaSU'}], 'ind1': '0'}}, {'490': {'ind2': ' ', 'subfields': [{'a': 'Burt Franklin bibliography and reference series,'}, {'v': '331.'}, {'5': 'FTaSU'}], 'ind1': '0'}}, {'490': {'ind2': ' ', 'subfields': [{'a': 'Essays in literature and criticism,'}, {'v': '63'}, {'5': 'FJUNF'}], 'ind1': '1'}}]","[{'830': {'ind2': '0', 'subfields': [{'a': 'Burt Franklin bibliography & reference series.'}, {'p': 'Essays in literature and criticism ;'}, {'v': '63.'}], 'ind1': ' '}}, {'830': {'ind2': '0', 'subfields': [{'a': 'Burt Franklin bibliography & reference series ;'}, {'v': '331.'}], 'ind1': ' '}}]","[{'490': {'ind2': ' ', 'subfields': [{'a': 'Essays in literature & criticism,'}, {'v': '63'}], 'ind1': '0'}}, {'490': {'ind2': ' ', 'subfields': [{'a': 'Burt Franklin bibliography and reference series,'}, {'v': '331'}], 'ind1': '0'}}]"
"020046849","(OCoLC)09155741","[{'490': {'ind2': ' ', 'subfields': [{'a': 'El Libro de bolsillo ;'}, {'v': '847'}, {'5': 'FTaSU'}, {'5': 'FMFIU'}, {'5': 'FBoU'}], 'ind1': '0'}}, {'490': {'ind2': ' ', 'subfields': [{'a': 'Sección Literatura'}, {'5': 'FTaSU'}, {'5': 'FMFIU'}, {'5': 'FBoU'}], 'ind1': '1'}}]","[{'830': {'ind2': '0', 'subfields': [{'a': 'Libro de bolsillo.'}, {'p': 'Literatura.'}], 'ind1': ' '}}]","[{'490': {'ind2': ' ', 'subfields': [{'a': 'Sección Literatura'}], 'ind1': '0'}}, {'490': {'ind2': ' ', 'subfields': [{'a': 'El Libro de bolsillo ;'}, {'v': '847'}], 'ind1': '0'}}]"
"020062366","(OCoLC)02585803","[{'490': {'ind2': ' ', 'subfields': [{'a': 'Pyramid ;'}, {'v': 'R606'}, {'5': 'FSsNC'}], 'ind1': '0'}}, {'490': {'ind2': ' ', 'subfields': [{'a': 'Pyramid book ;'}, {'v': 'R606'}, {'5': 'FU'}], 'ind1': '1'}}]","[{'830': {'ind2': '0', 'subfields': [{'a': 'Pyramid book'}, {'v': 'R606'}], 'ind1': ' '}}]","[{'490': {'ind2': ' ', 'subfields': [{'a': 'Pyramid ;'}, {'v': 'R606'}], 'ind1': '0'}}]"
"020157321","(OCoLC)00030178","[{'490': {'ind2': ' ', 'subfields': [{'a': 'Burt Franklin bibliography and reference series ;'}, {'v': '146'}, {'5': 'FBoU'}], 'ind1': '0'}}, {'490': {'ind2': ' ', 'subfields': [{'a': 'Burt Franklin bibliography and reference series, 146'}, {'5': 'FTS'}, {'5': 'FU'}], 'ind1': '1'}}]","[{'830': {'ind2': '0', 'subfields': [{'a': 'Burt Franklin bibliography & reference series,'}, {'v': '146'}], 'ind1': ' '}}]","[{'490': {'ind2': ' ', 'subfields': [{'a': 'Burt Franklin bibliography and reference series, 146'}], 'ind1': '0'}}]"
"020267681","(OCoLC)06305301","[{'490': {'ind2': ' ', 'subfields': [{'a': 'Serie de sociología'}, {'5': 'FU'}], 'ind1': '1'}}, {'490': {'ind2': ' ', 'subfields': [{'a': 'Semilla y surco'}, {'5': 'FU'}], 'ind1': '1'}}]","[{'830': {'ind2': '0', 'subfields': [{'a': 'Semilla y surco.'}, {'p': 'Serie de sociología'}], 'ind1': ' '}}]","[{'490': {'ind2': ' ', 'subfields': [{'a': 'Serie de sociología'}], 'ind1': '0'}}, {'490': {'ind2': ' ', 'subfields': [{'a': 'Semilla y surco'}], 'ind1': '0'}}]"
"020187835","(OCoLC)01488524","[{'490': {'ind2': ' ', 'subfields': [{'a': 'Little golden books'}, {'5': 'FTS'}], 'ind1': '0'}}, {'490': {'ind2': ' ', 'subfields': [{'a': 'A little golden book ;'}, {'v': '20'}, {'5': 'FU'}], 'ind1': '1'}}]","[{'830': {'ind2': '0', 'subfields': [{'a': 'Little golden books ;'}, {'v': '20'}], 'ind1': ' '}}]","[{'490': {'ind2': ' ', 'subfields': [{'a': 'The Little golden library,'}, {'v': 'no 20'}], 'ind1': '0'}}]"
"020191590","(OCoLC)00063304","[{'490': {'ind2': ' ', 'subfields': [{'a': 'Masterworks in industrial relations'}, {'5': 'FMFIU'}, {'5': 'FTS'}, {'5': 'FTaSU'}, {'5': 'FTaFA'}], 'ind1': '0'}}, {'490': {'ind2': ' ', 'subfields': [{'a': 'Arcturus books, AB 68.'}, {'5': 'FMFIU'}, {'5': 'FTaFA'}], 'ind1': '0'}}, {'490': {'ind2': ' ', 'subfields': [{'a': 'Arcturus books,'}, {'v': 'AB68.'}, {'5': 'FTaSU'}], 'ind1': '1'}}]","[{'830': {'ind2': '0', 'subfields': [{'a': 'Arcturus books ;'}, {'v': '68.'}], 'ind1': ' '}}]","[{'490': {'ind2': ' ', 'subfields': [{'a': 'Masterworks in industrial relations'}], 'ind1': '0'}}, {'490': {'ind2': ' ', 'subfields': [{'a': 'Arcturus books, AB 68'}], 'ind1': '0'}}]"
"020107965","(OCoLC)00030545","[{'490': {'ind2': ' ', 'subfields': [{'a': 'Short story index reprint series'}, {'5': 'FMFIU'}], 'ind1': '0'}}, {'490': {'ind2': ' ', 'subfields': [{'a': 'Wright American Fiction, v.III, 1876-1900, no. 806, Research Publications, Inc. Microfilm, Reel B-78'}, {'5': 'FOFT'}], 'ind1': '1'}}]","[{'830': {'ind2': '0', 'subfields': [{'a': 'Wright American fiction ;'}, {'v': 'v. 3, 1876-1900, no. 806.'}], 'ind1': ' '}}]","[{'490': {'ind2': ' ', 'subfields': [{'a': 'Short story index reprint series'}], 'ind1': '0'}}]"
"020138900","(OCoLC)00046974","[{'490': {'ind2': ' ', 'subfields': [{'a': 'The Scribner library. Contemporary classics ;'}, {'v': 'SL210'}, {'5': 'FBoU'}], 'ind1': '0'}}, {'490': {'ind2': ' ', 'subfields': [{'a': 'His The Forsyte chronicles ;'}, {'v': 'v. 6'}, {'5': 'FBoU'}], 'ind1': '0'}}, {'490': {'ind2': ' ', 'subfields': [{'a': 'The Scribner library. Contemporary classics'}, {'5': 'FSsNC'}], 'ind1': '0'}}, {'490': {'ind2': ' ', 'subfields': [{'a': 'His The Forsyte chronicles, v. 6'}, {'5': 'FMFIU'}], 'ind1': '0'}}, {'490': {'ind2': ' ', 'subfields': [{'a': 'Scribner library ;'}, {'v': 'SL210.'}, {'a': 'Contemporary classics'}, {'5': 'FU'}], 'ind1': '1'}}, {'490': {'ind2': ' ', 'subfields': [{'a': 'The Forsyte chronicles ;'}, {'v': 'vol. 6'}, {'5': 'FU'}, {'5': 'FSsNC'}], 'ind1': '1'}}]","[{'830': {'ind2': '0', 'subfields': [{'a': 'Scribner library.'}, {'p': 'Contemporary classics.'}], 'ind1': ' '}}]","[{'490': {'ind2': ' ', 'subfields': [{'a': 'The Forsyte chronicles ;'}, {'v': 'vol. 6'}], 'ind1': '1'}}, {'490': {'ind2': ' ', 'subfields': [{'a': 'The Scribner library. Contemporary classics'}], 'ind1': '0'}}]"
"020187171","(OCoLC)02477886","[{'490': {'ind2': ' ', 'subfields': [{'a': 'Indian notes and monographs. [Miscellaneous, no.26]'}, {'5': 'FSsNC'}, {'5': 'FBoU'}, {'5': 'FTaSU'}], 'ind1': '0'}}, {'490': {'ind2': ' ', 'subfields': [{'a': 'Indian notes and monographs. [Miscellaneous,'}, {'v': 'no. 26]'}, {'5': 'FOFT'}, {'5': 'FU'}], 'ind1': '1'}}]","[{'830': {'ind2': '0', 'subfields': [{'a': 'Indian notes and monographs. Miscellaneous series,'}, {'v': 'no. 26.'}], 'ind1': ' '}}, {'830': {'ind2': '0', 'subfields': [{'a': 'Indian notes and monographs.'}, {'p': 'Miscellaneous series ;'}, {'v': 'no. 26.'}], 'ind1': ' '}}, {'830': {'ind2': '0', 'subfields': [{'a': 'Indian notes and monographs ;'}, {'v': '[no. 26]'}], 'ind1': ' '}}]","[{'490': {'ind2': ' ', 'subfields': [{'a': 'Indian notes and monographs. [Miscellaneous ;'}, {'v': 'no. 26]'}], 'ind1': '0'}}]"
"020139378","(OCoLC)00047081","[{'490': {'ind2': ' ', 'subfields': [{'a': 'His The Forsyte chronicles, v. 5'}, {'5': 'FMFIU'}], 'ind1': '0'}}, {'490': {'ind2': ' ', 'subfields': [{'a': 'The Forsyte chronicles, v. 5'}, {'5': 'FOFT'}], 'ind1': '1'}}, {'490': {'ind2': ' ', 'subfields': [{'a': 'The Scribner library.'}, {'v': 'SL209.'}, {'a': 'Contemporary classics'}, {'5': 'FU'}], 'ind1': '1'}}, {'490': {'ind2': ' ', 'subfields': [{'a': 'The Forsyte chronicles ;'}, {'v': 'vol. 5'}, {'5': 'FU'}], 'ind1': '1'}}]","[{'830': {'ind2': '0', 'subfields': [{'a': 'Scribner library.'}, {'p': 'Contemporary classics.'}], 'ind1': ' '}}]","[{'490': {'ind2': ' ', 'subfields': [{'a': 'The Forsyte chronicles ;'}, {'v': 'vol. 5'}], 'ind1': '1'}}, {'490': {'ind2': ' ', 'subfields': [{'a': 'The Scribner library. Contemporary classics'}], 'ind1': '0'}}]"
"020139436","(OCoLC)00047084","[{'490': {'ind2': ' ', 'subfields': [{'a': 'The Scribner library ;'}, {'v': 'SL207'}, {'5': 'FSsNC'}, {'5': 'FBoU'}], 'ind1': '0'}}, {'490': {'ind2': ' ', 'subfields': [{'a': 'His The Forsyte chronicles, v. 3'}, {'5': 'FMFIU'}], 'ind1': '0'}}, {'490': {'ind2': ' ', 'subfields': [{'a': 'The Scribner library, SL207'}, {'5': 'FMFIU'}], 'ind1': '0'}}, {'490': {'ind2': ' ', 'subfields': [{'a': 'His The Forsyte chronicles,'}, {'v': 'v. 3'}, {'5': 'FBoU'}], 'ind1': '0'}}, {'490': {'ind2': ' ', 'subfields': [{'a': 'The Forsyte chronicles ;'}, {'v': 'vol. 3'}, {'5': 'FU'}, {'5': 'FSsNC'}], 'ind1': '1'}}, {'490': {'ind2': ' ', 'subfields': [{'a': 'The Scribner library ;'}, {'v': 'SL207.'}, {'a': 'Contemporary classics'}, {'5': 'FU'}], 'ind1': '1'}}]","[{'830': {'ind2': '0', 'subfields': [{'a': 'Scribner library.'}, {'p': 'Contemporary classics.'}], 'ind1': ' '}}]","[{'490': {'ind2': ' ', 'subfields': [{'a': 'The Forsyte chronicles ;'}, {'v': 'vol. 3'}], 'ind1': '1'}}, {'490': {'ind2': ' ', 'subfields': [{'a': 'The Scribner library, SL207'}], 'ind1': '0'}}]"
"020232535","(OCoLC)00936296","[{'490': {'ind2': ' ', 'subfields': [{'a': 'A Series of books in agricultural science: Animal science.'}, {'5': 'FU'}, {'5': 'FTaFA'}, {'5': 'FPeU'}, {'5': 'FTaSU'}], 'ind1': '0'}}, {'490': {'ind2': ' ', 'subfields': [{'a': 'Series of books in agricultural science. Animal science'}, {'5': 'FJUNF'}], 'ind1': '1'}}]","[{'830': {'ind2': '0', 'subfields': [{'a': 'Series of books in agricultural science.'}, {'p': 'Animal science.'}], 'ind1': ' '}}]","[{'490': {'ind2': ' ', 'subfields': [{'a': 'A Series of books in agricultural science: Animal science'}], 'ind1': '0'}}]"
"020183166","(OCoLC)00063768","[{'490': {'ind2': ' ', 'subfields': [{'a': 'Bulletin series ;'}, {'v': 'no. 92'}, {'5': 'FJUNF'}], 'ind1': '1'}}, {'490': {'ind2': ' ', 'subfields': [{'a': 'University of Illinois bulletin ; v. 66, no. 73'}, {'5': 'FJUNF'}], 'ind1': '0'}}]","[{'830': {'ind2': '0', 'subfields': [{'a': 'Bulletin series (University of Illinois at Urbana-Champaign. Bureau of Economic and Business Research) ;'}, {'v': 'no. 92.'}], 'ind1': ' '}}]","[{'490': {'ind2': ' ', 'subfields': [{'a': 'University of Illinois at Urbana-Champaign. Bureau of Economic and Business Research. Bulletin series,'}, {'v': 'no. 92'}], 'ind1': '1'}}, {'490': {'ind2': ' ', 'subfields': [{'a': 'University of Illinois bulletin,'}, {'v': 'v. 66, no. 73'}], 'ind1': '0'}}]"
"020106190","(OCoLC)00031200","[{'490': {'ind2': ' ', 'subfields': [{'a': 'Burt Franklin research & source works series #163'}, {'5': 'FPeU'}], 'ind1': '0'}}, {'490': {'ind2': ' ', 'subfields': [{'a': 'Essays in history, economics, & social science #8.'}, {'5': 'FJUNF'}, {'5': 'FPeU'}], 'ind1': '1'}}]","[{'830': {'ind2': '0', 'subfields': [{'a': 'Burt Franklin research & source works series'}, {'v': 'no. 163'}], 'ind1': ' '}}, {'830': {'ind2': '0', 'subfields': [{'a': 'Selected essays in history, economics, & social science,'}, {'v': '8.'}], 'ind1': ' '}}]","[{'490': {'ind2': ' ', 'subfields': [{'a': 'Burt Franklin research & source works series #163'}], 'ind1': '0'}}, {'490': {'ind2': ' ', 'subfields': [{'a': 'Essays in history, economics, & social science #8'}], 'ind1': '0'}}]"
"020276848","(OCoLC)01862059","[{'490': {'ind2': ' ', 'subfields': [{'a': 'Sammlung romanischer Elementar- und Handbücher ...'}, {'v': 'IV.'}, {'a': 'Reihe: Altertumskunde, Kulturgeschichte.'}, {'v': '1. Bd.'}, {'5': 'FU'}, {'5': 'FTaSU'}], 'ind1': '1'}}, {'490': {'ind2': ' ', 'subfields': [{'a': 'Sammlung romanischer elementar- und handbücher. IV. reihe: Altertumskunde, kulturgeschichte. 1. bd.'}, {'5': 'FTS'}], 'ind1': '1'}}]","[{'830': {'ind2': '0', 'subfields': [{'a': 'Sammlung romanischer Elementar- und Handbücher.'}, {'n': 'Vierte Reihe,'}, {'p': 'Altertumskunde, Kulturgeschichte ;'}, {'v': 'Vd. 1, 1929.'}], 'ind1': ' '}}, {'830': {'ind2': '0', 'subfields': [{'a': 'Sammlung romanischer Elementar- und Handbücher.'}, {'n': 'Vierte Reihe,'}, {'p': 'Altertumskunde, Kulturgeschichte,'}, {'v': 'Bd. 1.'}], 'ind1': ' '}}]","[{'490': {'ind2': ' ', 'subfields': [{'a': 'Sammlung romanischer Elementar- und Handbücher ...'}, {'v': 'IV.'}, {'a': 'Reihe: Altertumskunde, Kulturgeschichte.'}, {'v': '1. Bd.'}], 'ind1': '0'}}]"
"020176443","(OCoLC)01457113","[{'490': {'ind2': ' ', 'subfields': [{'a': 'Number 6A of the Publications of the Institute of Andean Research.'}, {'5': 'FTS'}, {'5': 'FTaSU'}], 'ind1': '0'}}, {'490': {'ind2': ' ', 'subfields': [{'a': 'Yale University publications in anthropology, no.30'}, {'5': 'FTaSU'}], 'ind1': '0'}}, {'490': {'ind2': ' ', 'subfields': [{'a': 'Yale University publications in anthropology,'}, {'v': 'no. 30'}, {'5': 'FU'}], 'ind1': '1'}}]","[{'830': {'ind2': '0', 'subfields': [{'a': 'Publications for the Institute of Andean Research ;'}, {'v': 'no. 6a.'}], 'ind1': ' '}}, {'830': {'ind2': '0', 'subfields': [{'a': 'Yale University publications in anthropology,'}, {'v': 'no. 30.'}], 'ind1': ' '}}]","[{'490': {'ind2': ' ', 'subfields': [{'a': 'Yale University publications in anthropology,'}, {'v': 'no. 30'}], 'ind1': '1'}}, {'490': {'ind2': ' ', 'subfields': [{'a': 'Number 6A of the Publications of the Institute of Andean Research.'}], 'ind1': '0'}}]"
"020099964","(OCoLC)00021692","[{'490': {'ind2': ' ', 'subfields': [{'a': 'Washington (State) University. College of Fisheries. Contribution no. 274.'}, {'5': 'FBoU'}, {'5': 'FTS'}], 'ind1': '0'}}, {'490': {'ind2': ' ', 'subfields': [{'a': 'Contribution, College of Fisheries, University of Washington, v no. 274'}, {'5': 'FTaSU'}], 'ind1': '1'}}, {'490': {'ind2': ' ', 'subfields': [{'a': 'The Social Science Program of the Mershon Center for Education in National Security, the Ohio State University: Pamphlet series, no. 7'}, {'5': 'FTaSU'}], 'ind1': '1'}}, {'490': {'ind2': ' ', 'subfields': [{'a': 'The Social science program of the Mershon Center for Education in National Security, Ohio State University. Pamphlet series, no. 7'}, {'5': 'FBoU'}, {'5': 'FPeU'}], 'ind1': '1'}}]","[{'830': {'ind2': '0', 'subfields': [{'a': 'Pamphlet series (Mershon Center for Education in National Security),'}, {'v': 'no. 7'}], 'ind1': ' '}}, {'830': {'ind2': '0', 'subfields': [{'a': 'Contribution (University of Washington. College of Fisheries),'}, {'v': 'no. 274.'}], 'ind1': ' '}}, {'830': {'ind2': '0', 'subfields': [{'a': 'Pamphlet series (Mershon Center for Education in National Security. Social Science Program) ;'}, {'v': 'no. 7.'}], 'ind1': ' '}}]","[{'490': {'ind2': ' ', 'subfields': [{'a': 'The Social science program of the Mershon Center for Education in National Security, Ohio State University. Pamphlet series, no. 7'}], 'ind1': '1'}}, {'490': {'ind2': ' ', 'subfields': [{'a': 'Washington (State) University. College of Fisheries. Contribution no. 274'}], 'ind1': '0'}}]"
"020213859","(OCoLC)00163691","[{'490': {'ind2': ' ', 'subfields': [{'a': 'Pure and applied mathematics, 4'}, {'5': 'FSsNC'}, {'5': 'FPeU'}, {'5': 'FJUNF'}, {'5': 'FBoU'}, {'5': 'FMFIU'}, {'5': 'FTS'}, {'5': 'FU'}, {'5': 'FTaFA'}, {'5': 'FOFT'}], 'ind1': '0'}}, {'490': {'ind2': ' ', 'subfields': [{'a': 'Pure and applied mathematics,'}, {'v': '4'}, {'5': 'FTaSU'}], 'ind1': '1'}}]","[{'830': {'ind2': '0', 'subfields': [{'a': 'Monographs and textbooks in pure and applied mathematics,'}, {'v': 'v. 4.'}], 'ind1': ' '}}, {'830': {'ind2': '0', 'subfields': [{'a': 'Pure and applied mathematics (Marcel Dekker, Inc.),'}, {'v': '4.'}], 'ind1': ' '}}]","[{'490': {'ind2': ' ', 'subfields': [{'a': 'Pure and applied mathematics,'}, {'v': '4'}], 'ind1': '0'}}]"
"020324486","(OCoLC)00774674","[{'490': {'ind2': ' ', 'subfields': [{'a': 'Textos literarios'}, {'5': 'FU'}], 'ind1': '0'}}, {'490': {'ind2': ' ', 'subfields': [{'a': 'Textos literários'}, {'5': 'FMFIU'}], 'ind1': '1'}}]","[{'830': {'ind2': '0', 'subfields': [{'a': 'Colecção Textos literários.'}], 'ind1': ' '}}]","[{'490': {'ind2': ' ', 'subfields': [{'a': 'Textos literarios'}], 'ind1': '0'}}]"
"020247391","(OCoLC)01819655","[{'490': {'ind2': ' ', 'subfields': [{'a': 'Information circular,'}, {'v': 'no. 28'}, {'5': 'FTS'}], 'ind1': '1'}}, {'490': {'ind2': ' ', 'subfields': [{'a': 'Florida. Geological Survey. Information circular'}, {'v': 'no. 28'}, {'5': 'FOFT'}, {'5': 'FU'}, {'5': 'FTaSU'}, {'5': 'FJUNF'}], 'ind1': '1'}}]","[{'830': {'ind2': '0', 'subfields': [{'a': 'Information circular (Florida Geological Survey) ;'}, {'v': 'no. 28.'}], 'ind1': ' '}}]","[{'490': {'ind2': ' ', 'subfields': [{'a': 'Florida. Geological Survey. Information circular'}, {'v': 'no. 28'}], 'ind1': '0'}}]"
"020290479","(OCoLC)00081284","[{'490': {'ind2': ' ', 'subfields': [{'a': 'Wichita State University. Bulletin, v. 46, no. 2.'}, {'5': 'FPeU'}, {'5': 'FTaSU'}], 'ind1': '0'}}, {'490': {'ind2': ' ', 'subfields': [{'a': 'University studies, no. 83'}, {'5': 'FTaSU'}], 'ind1': '0'}}, {'490': {'ind2': ' ', 'subfields': [{'a': 'Wichita State University. University studies, no. 83'}, {'5': 'FPeU'}], 'ind1': '1'}}]","[{'830': {'ind2': '0', 'subfields': [{'a': 'University studies (Wichita State University),'}, {'v': 'no. 83'}], 'ind1': ' '}}]","[{'490': {'ind2': ' ', 'subfields': [{'a': 'Wichita State University. University studies,'}, {'v': 'no. 83'}], 'ind1': '1'}}, {'490': {'ind2': ' ', 'subfields': [{'a': 'Wichita State University. Bulletin,'}, {'v': 'v. 46, no. 2'}], 'ind1': '0'}}]"
"020170684","(OCoLC)00032247","[{'490': {'ind2': ' ', 'subfields': [{'a': 'Burt Franklin research and source works series #133'}, {'5': 'FTaSU'}, {'5': 'FU'}], 'ind1': '0'}}, {'490': {'ind2': ' ', 'subfields': [{'a': 'American classics in history and social science #16'}, {'5': 'FU'}], 'ind1': '1'}}]","[{'830': {'ind2': '0', 'subfields': [{'a': 'Burt Franklin research & source works series ;'}, {'v': 'no. 133.'}], 'ind1': ' '}}, {'830': {'ind2': '0', 'subfields': [{'a': 'American classics in history and social science ;'}, {'v': '#16.'}], 'ind1': ' '}}]","[{'490': {'ind2': ' ', 'subfields': [{'a': 'Burt Franklin research and source works series #133'}], 'ind1': '0'}}, {'490': {'ind2': ' ', 'subfields': [{'a': 'American classics in history and social science #16'}], 'ind1': '0'}}]"
"020072588","(OCoLC)00228920","[{'490': {'ind2': ' ', 'subfields': [{'a': 'Libro de bolsillo,'}, {'v': '228.'}, {'a': 'Sección Humanidades'}, {'5': 'FBoU'}], 'ind1': '0'}}, {'490': {'ind2': ' ', 'subfields': [{'a': 'El Libro de bolsillo,'}, {'v': '228. Sección Humanidades'}, {'5': 'FMFIU'}], 'ind1': '0'}}, {'490': {'ind2': ' ', 'subfields': [{'a': 'Libro de bolsillo, 228. Sección Humanidades'}, {'5': 'FU'}], 'ind1': '1'}}]","[{'830': {'ind2': '0', 'subfields': [{'a': 'Sección Humanidades.'}], 'ind1': ' '}}]","[{'490': {'ind2': ' ', 'subfields': [{'a': 'Libro de bolsillo, 228. Sección Humanidades'}], 'ind1': '0'}}]"
"020196285","(OCoLC)00065136","[{'490': {'ind2': ' ', 'subfields': [{'a': 'International series of monographs in chemical engineering, v. 10'}, {'5': 'FOFT'}, {'5': 'FTaFA'}, {'5': 'FBoU'}, {'5': 'FTS'}], 'ind1': '0'}}, {'490': {'ind2': ' ', 'subfields': [{'a': 'International series of monographs in chemical engineering,'}, {'v': 'v. 10'}, {'5': 'FU'}], 'ind1': '1'}}]","[{'830': {'ind2': '0', 'subfields': [{'a': 'International series of monographs on chemical engineering,'}, {'v': 'v. 10.'}], 'ind1': ' '}}]","[{'490': {'ind2': ' ', 'subfields': [{'a': 'International series of monographs in chemical engineering,'}, {'v': 'v. 10'}], 'ind1': '0'}}]"
"020216097","(OCoLC)00048777","[{'490': {'ind2': ' ', 'subfields': [{'a': 'Burt Franklin bibliography and reference series,'}, {'v': 'no. 47'}, {'5': 'FTaSU'}], 'ind1': '0'}}, {'490': {'ind2': ' ', 'subfields': [{'a': 'Burt Franklin bibliography and reference series, #47'}, {'5': 'FTS'}], 'ind1': '1'}}]","[{'830': {'ind2': '0', 'subfields': [{'a': 'Burt Franklin bibliography & reference series,'}, {'v': 'no. 47.'}], 'ind1': ' '}}]","[{'490': {'ind2': ' ', 'subfields': [{'a': 'Burt Franklin bibliography and reference series, #47'}], 'ind1': '0'}}]"
"020093027","(OCoLC)00016103","[{'490': {'ind2': ' ', 'subfields': [{'a': 'Literature of discovery, exploration, and geography, 4'}, {'5': 'FTS'}, {'5': 'FTaFA'}], 'ind1': '1'}}, {'490': {'ind2': ' ', 'subfields': [{'a': 'Burt Franklin bibliography and reference series, 262.'}, {'5': 'FTS'}, {'5': 'FTaFA'}], 'ind1': '1'}}]","[{'830': {'ind2': '0', 'subfields': [{'a': 'Literature of discovery, exploration & geography series,'}, {'v': '4'}], 'ind1': ' '}}, {'830': {'ind2': '0', 'subfields': [{'a': 'Burt Franklin bibliography & reference series,'}, {'v': '262.'}], 'ind1': ' '}}]","[{'490': {'ind2': ' ', 'subfields': [{'a': 'Literature of discovery, exploration, and geography,'}, {'v': '4'}], 'ind1': '0'}}, {'490': {'ind2': ' ', 'subfields': [{'a': 'Burt Franklin bibliography and reference series,'}, {'v': '262'}], 'ind1': '0'}}]"
"020017827","(OCoLC)09125747","[{'490': {'ind2': ' ', 'subfields': [{'a': 'Chaucer Society. [Publications] First series, v.98'}, {'5': 'FU'}], 'ind1': '0'}}, {'490': {'ind2': ' ', 'subfields': [{'a': 'Chaucer Society. 1st series,'}, {'v': '98'}, {'5': 'FTaSU'}], 'ind1': '1'}}]","[{'830': {'ind2': '0', 'subfields': [{'a': 'Chaucer Society (Series).'}, {'n': 'First series,'}, {'v': '98.'}], 'ind1': ' '}}]","[{'490': {'ind2': ' ', 'subfields': [{'a': 'Chaucer Society. [Publications] First series,'}, {'v': '98'}], 'ind1': '0'}}]"
"020169153","(OCoLC)00032640","[{'490': {'ind2': ' ', 'subfields': [{'a': 'American classics in history'}, {'5': 'FTS'}, {'5': 'FTaSU'}, {'5': 'FU'}], 'ind1': '0'}}, {'490': {'ind2': ' ', 'subfields': [{'a': 'Burt Franklin research and source work series #92'}, {'5': 'FTS'}, {'5': 'FU'}], 'ind1': '1'}}]","[{'830': {'ind2': '0', 'subfields': [{'a': 'Burt Franklin research & source works series,'}, {'v': 'no. 92.'}], 'ind1': ' '}}]","[{'490': {'ind2': ' ', 'subfields': [{'a': 'American classics in history'}], 'ind1': '0'}}, {'490': {'ind2': ' ', 'subfields': [{'a': 'Burt Franklin research and source work series #92'}], 'ind1': '0'}}]"
"020085571","(OCoLC)00278414","[{'490': {'ind2': ' ', 'subfields': [{'a': 'A Wiley publication in applied statistics'}, {'5': 'FU'}, {'5': 'FPeU'}, {'5': 'FTaFA'}], 'ind1': '0'}}, {'490': {'ind2': ' ', 'subfields': [{'a': 'Wiley series in probability and mathematical statistics'}, {'5': 'FU'}, {'5': 'FPeU'}, {'5': 'FTaFA'}], 'ind1': '0'}}, {'490': {'ind2': ' ', 'subfields': [{'a': 'Distributions in statistics'}, {'5': 'FU'}], 'ind1': '1'}}, {'490': {'ind2': ' ', 'subfields': [{'a': 'Distributions in statistics ;'}, {'v': 'v. 4'}, {'5': 'FOFT'}], 'ind1': '1'}}]","[{'830': {'ind2': '0', 'subfields': [{'a': 'Wiley publication in applied statistics'}], 'ind1': ' '}}, {'830': {'ind2': '0', 'subfields': [{'a': 'Wiley series in probability and mathematical statistics'}], 'ind1': ' '}}]","[{'490': {'ind2': ' ', 'subfields': [{'a': 'Distributions in statistics'}], 'ind1': '1'}}, {'490': {'ind2': ' ', 'subfields': [{'a': 'A Wiley publication in applied statistics'}], 'ind1': '0'}}, {'490': {'ind2': ' ', 'subfields': [{'a': 'Wiley series in probability and mathematical statistics'}], 'ind1': '0'}}]"
"020248364","(OCoLC)00081833","[{'490': {'ind2': ' ', 'subfields': [{'a': 'Essay index reprint series.'}, {'5': 'FBoU'}, {'5': 'FTaSU'}, {'5': 'FJUNF'}], 'ind1': '0'}}, {'490': {'ind2': ' ', 'subfields': [{'a': 'The University of Oklahoma lectures in social psychology'}, {'5': 'FOFT'}, {'5': 'FBoU'}, {'5': 'FTaSU'}], 'ind1': '1'}}, {'490': {'ind2': ' ', 'subfields': [{'a': 'Essay index reprint series) (The University of Oklahoma lectures in social psychology'}, {'5': 'FMFIU'}], 'ind1': '1'}}, {'490': {'ind2': ' ', 'subfields': [{'a': 'University of Oklahoma lectures in social psychology'}, {'5': 'FJUNF'}], 'ind1': '1'}}]","[{'830': {'ind2': '0', 'subfields': [{'a': 'Essay index reprint series.'}], 'ind1': ' '}}, {'830': {'ind2': '0', 'subfields': [{'a': 'University of Oklahoma lectures in social psychology.'}], 'ind1': ' '}}]","[{'490': {'ind2': ' ', 'subfields': [{'a': 'The University of Oklahoma lectures in social psychology'}], 'ind1': '1'}}, {'490': {'ind2': ' ', 'subfields': [{'a': 'Essay index reprint series'}], 'ind1': '0'}}]"
"020285148","(OCoLC)02654135","[{'490': {'ind2': ' ', 'subfields': [{'a': 'American Artists Group.'}, {'v': 'Monograph no. 12'}, {'5': 'FTaSU'}], 'ind1': '0'}}, {'490': {'ind2': ' ', 'subfields': [{'a': 'American Artists Group. Monograph ;'}, {'v': 'no. 12'}, {'5': 'FU'}], 'ind1': '1'}}]","[{'830': {'ind2': '0', 'subfields': [{'a': 'Monograph (American Artists Group)'}, {'v': 'no. 12'}], 'ind1': ' '}}]","[{'490': {'ind2': ' ', 'subfields': [{'a': 'American Artists Group.'}, {'v': 'Monograph no. 12'}], 'ind1': '0'}}]"
